timecode,seconds,lat,lat_dir,lon,lon_dir,sensor
260407_233210_000,84730.000,4159.9731,N,8739.4512,W,94
260407_233210_430,84730.430,4159.9731,N,8739.4512,W,73
260407_233210_529,84730.531,4159.9731,N,8739.4512,W,76
260407_233210_629,84730.633,4159.9731,N,8739.4512,W,79
260407_233210_729,84730.727,4159.9731,N,8739.4512,W,80
260407_233210_829,84730.828,4159.9731,N,8739.4512,W,81
260407_233210_929,84730.930,4159.9731,N,8739.4512,W,82
260407_233211_000,84731.000,4159.9736,N,8739.4512,W,82
260407_233211_100,84731.102,4159.9736,N,8739.4512,W,83
260407_233211_200,84731.203,4159.9736,N,8739.4512,W,83
260407_233211_300,84731.297,4159.9736,N,8739.4512,W,83
260407_233211_400,84731.398,4159.9736,N,8739.4512,W,83
260407_233211_500,84731.500,4159.9736,N,8739.4512,W,84
260407_233211_600,84731.602,4159.9736,N,8739.4512,W,84
260407_233211_700,84731.703,4159.9736,N,8739.4512,W,84
260407_233211_800,84731.797,4159.9736,N,8739.4512,W,84
260407_233211_900,84731.898,4159.9736,N,8739.4512,W,84
260407_233212_000,84732.000,4159.9736,N,8739.4512,W,84
260407_233212_100,84732.102,4159.9736,N,8739.4512,W,84
260407_233212_200,84732.203,4159.9736,N,8739.4512,W,84
260407_233212_300,84732.297,4159.9736,N,8739.4512,W,84
260407_233212_400,84732.398,4159.9736,N,8739.4512,W,85
260407_233212_500,84732.500,4159.9736,N,8739.4512,W,85
260407_233212_600,84732.602,4159.9736,N,8739.4512,W,85
260407_233212_700,84732.703,4159.9736,N,8739.4512,W,84
260407_233212_800,84732.797,4159.9736,N,8739.4512,W,85
260407_233212_900,84732.898,4159.9736,N,8739.4512,W,85
260407_233213_000,84733.000,4159.9736,N,8739.4502,W,85
260407_233213_100,84733.102,4159.9736,N,8739.4502,W,86
260407_233213_200,84733.203,4159.9736,N,8739.4502,W,85
260407_233213_300,84733.297,4159.9736,N,8739.4502,W,86
260407_233213_400,84733.398,4159.9736,N,8739.4502,W,86
260407_233213_500,84733.500,4159.9736,N,8739.4502,W,86
260407_233213_600,84733.602,4159.9736,N,8739.4502,W,86
260407_233213_700,84733.703,4159.9736,N,8739.4502,W,86
260407_233213_800,84733.797,4159.9736,N,8739.4502,W,86
260407_233213_900,84733.898,4159.9736,N,8739.4502,W,86
260407_233214_000,84734.000,4159.9736,N,8739.4492,W,87
260407_233214_100,84734.102,4159.9736,N,8739.4492,W,87
260407_233214_200,84734.203,4159.9736,N,8739.4492,W,87
260407_233214_300,84734.297,4159.9736,N,8739.4492,W,87
260407_233214_400,84734.398,4159.9736,N,8739.4492,W,87
260407_233214_500,84734.500,4159.9736,N,8739.4492,W,87
260407_233214_600,84734.602,4159.9736,N,8739.4492,W,87
260407_233214_700,84734.703,4159.9736,N,8739.4492,W,87
260407_233214_800,84734.797,4159.9736,N,8739.4492,W,87
260407_233214_900,84734.898,4159.9736,N,8739.4492,W,87
260407_233215_000,84735.000,4159.9736,N,8739.4492,W,88
260407_233215_100,84735.102,4159.9736,N,8739.4492,W,88
260407_233215_200,84735.203,4159.9736,N,8739.4492,W,88
260407_233215_300,84735.297,4159.9736,N,8739.4492,W,88
260407_233215_400,84735.398,4159.9736,N,8739.4492,W,89
260407_233215_500,84735.500,4159.9736,N,8739.4492,W,89
260407_233215_600,84735.602,4159.9736,N,8739.4492,W,89
260407_233215_700,84735.703,4159.9736,N,8739.4492,W,89
260407_233215_800,84735.797,4159.9736,N,8739.4492,W,89
260407_233215_900,84735.898,4159.9736,N,8739.4492,W,89
260407_233216_000,84736.000,4159.9741,N,8739.4482,W,89
260407_233216_100,84736.102,4159.9741,N,8739.4482,W,89
260407_233216_200,84736.203,4159.9741,N,8739.4482,W,89
260407_233216_300,84736.297,4159.9741,N,8739.4482,W,89
260407_233216_400,84736.398,4159.9741,N,8739.4482,W,89
260407_233216_500,84736.500,4159.9741,N,8739.4482,W,90
260407_233216_600,84736.602,4159.9741,N,8739.4482,W,90
260407_233216_700,84736.703,4159.9741,N,8739.4482,W,89
260407_233216_800,84736.797,4159.9741,N,8739.4482,W,90
260407_233216_900,84736.898,4159.9741,N,8739.4482,W,90
260407_233217_000,84737.000,4159.9736,N,8739.4482,W,89
260407_233217_100,84737.102,4159.9736,N,8739.4482,W,90
260407_233217_200,84737.203,4159.9736,N,8739.4482,W,90
260407_233217_300,84737.297,4159.9736,N,8739.4482,W,90
260407_233217_400,84737.398,4159.9736,N,8739.4482,W,90
260407_233217_500,84737.500,4159.9736,N,8739.4482,W,90
260407_233217_600,84737.602,4159.9736,N,8739.4482,W,90
260407_233217_700,84737.703,4159.9736,N,8739.4482,W,90
260407_233217_800,84737.797,4159.9736,N,8739.4482,W,90
260407_233217_900,84737.898,4159.9736,N,8739.4482,W,90
260407_233218_000,84738.000,4159.9736,N,8739.4473,W,91
260407_233218_100,84738.102,4159.9736,N,8739.4473,W,91
260407_233218_200,84738.203,4159.9736,N,8739.4473,W,91
260407_233218_300,84738.297,4159.9736,N,8739.4473,W,90
260407_233218_400,84738.398,4159.9736,N,8739.4473,W,91
260407_233218_500,84738.500,4159.9736,N,8739.4473,W,91
260407_233218_600,84738.602,4159.9736,N,8739.4473,W,91
260407_233218_700,84738.703,4159.9736,N,8739.4473,W,91
260407_233218_800,84738.797,4159.9736,N,8739.4473,W,91
260407_233218_900,84738.898,4159.9736,N,8739.4473,W,91
260407_233219_000,84739.000,4159.9736,N,8739.4473,W,91
260407_233219_100,84739.102,4159.9736,N,8739.4473,W,91
260407_233219_200,84739.203,4159.9736,N,8739.4473,W,91
260407_233219_300,84739.297,4159.9736,N,8739.4473,W,91
260407_233219_400,84739.398,4159.9736,N,8739.4473,W,91
260407_233219_500,84739.500,4159.9736,N,8739.4473,W,91
260407_233219_600,84739.602,4159.9736,N,8739.4473,W,92
260407_233219_700,84739.703,4159.9736,N,8739.4473,W,91
260407_233219_800,84739.797,4159.9736,N,8739.4473,W,91
260407_233219_900,84739.898,4159.9736,N,8739.4473,W,91
260407_233220_000,84740.000,4159.9741,N,8739.4473,W,92
260407_233220_100,84740.102,4159.9741,N,8739.4473,W,91
260407_233220_200,84740.203,4159.9741,N,8739.4473,W,92
260407_233220_300,84740.297,4159.9741,N,8739.4473,W,91
260407_233220_400,84740.398,4159.9741,N,8739.4473,W,92
260407_233220_500,84740.500,4159.9741,N,8739.4473,W,92
260407_233220_600,84740.602,4159.9741,N,8739.4473,W,92
260407_233220_700,84740.703,4159.9741,N,8739.4473,W,92
260407_233220_800,84740.797,4159.9741,N,8739.4473,W,92
260407_233220_900,84740.898,4159.9741,N,8739.4473,W,92
260407_233221_000,84741.000,4159.9741,N,8739.4473,W,92
260407_233221_100,84741.102,4159.9741,N,8739.4473,W,92
260407_233221_200,84741.203,4159.9741,N,8739.4473,W,92
260407_233221_300,84741.297,4159.9741,N,8739.4473,W,91
260407_233221_400,84741.398,4159.9741,N,8739.4473,W,92
260407_233221_500,84741.500,4159.9741,N,8739.4473,W,92
260407_233221_600,84741.602,4159.9741,N,8739.4473,W,92
260407_233221_700,84741.703,4159.9741,N,8739.4473,W,92
260407_233221_800,84741.797,4159.9741,N,8739.4473,W,91
260407_233221_900,84741.898,4159.9741,N,8739.4473,W,91
260407_233222_000,84742.000,4159.9741,N,8739.4473,W,92
260407_233222_100,84742.102,4159.9741,N,8739.4473,W,92
260407_233222_200,84742.203,4159.9741,N,8739.4473,W,93
260407_233222_300,84742.297,4159.9741,N,8739.4473,W,92
260407_233222_400,84742.398,4159.9741,N,8739.4473,W,92
260407_233222_500,84742.500,4159.9741,N,8739.4473,W,92
260407_233222_600,84742.602,4159.9741,N,8739.4473,W,93
260407_233222_700,84742.703,4159.9741,N,8739.4473,W,93
260407_233222_800,84742.797,4159.9741,N,8739.4473,W,93
260407_233222_900,84742.898,4159.9741,N,8739.4473,W,92
260407_233223_000,84743.000,4159.9741,N,8739.4473,W,93
260407_233223_100,84743.102,4159.9741,N,8739.4473,W,93
260407_233223_200,84743.203,4159.9741,N,8739.4473,W,93
260407_233223_300,84743.297,4159.9741,N,8739.4473,W,93
260407_233223_400,84743.398,4159.9741,N,8739.4473,W,93
260407_233223_500,84743.500,4159.9741,N,8739.4473,W,93
260407_233223_600,84743.602,4159.9741,N,8739.4473,W,93
260407_233223_700,84743.703,4159.9741,N,8739.4473,W,93
260407_233223_800,84743.797,4159.9741,N,8739.4473,W,93
260407_233223_900,84743.898,4159.9741,N,8739.4473,W,93
260407_233224_000,84744.000,4159.9741,N,8739.4473,W,94
260407_233224_100,84744.102,4159.9741,N,8739.4473,W,93
260407_233224_200,84744.203,4159.9741,N,8739.4473,W,93
260407_233224_300,84744.297,4159.9741,N,8739.4473,W,94
260407_233224_400,84744.398,4159.9741,N,8739.4473,W,93
260407_233224_500,84744.500,4159.9741,N,8739.4473,W,94
260407_233224_600,84744.602,4159.9741,N,8739.4473,W,94
260407_233224_700,84744.703,4159.9741,N,8739.4473,W,93
260407_233224_800,84744.797,4159.9741,N,8739.4473,W,94
260407_233224_900,84744.898,4159.9741,N,8739.4473,W,94
260407_233225_000,84745.000,4159.9746,N,8739.4473,W,94
260407_233225_100,84745.102,4159.9746,N,8739.4473,W,94
260407_233225_200,84745.203,4159.9746,N,8739.4473,W,94
260407_233225_300,84745.297,4159.9746,N,8739.4473,W,94
260407_233225_400,84745.398,4159.9746,N,8739.4473,W,94
260407_233225_500,84745.500,4159.9746,N,8739.4473,W,94
260407_233225_600,84745.602,4159.9746,N,8739.4473,W,94
260407_233225_700,84745.703,4159.9746,N,8739.4473,W,94
260407_233225_800,84745.797,4159.9746,N,8739.4473,W,94
260407_233225_900,84745.898,4159.9746,N,8739.4473,W,94
260407_233226_000,84746.000,4159.9746,N,8739.4473,W,94
260407_233226_100,84746.102,4159.9746,N,8739.4473,W,94
260407_233226_200,84746.203,4159.9746,N,8739.4473,W,94
260407_233226_300,84746.297,4159.9746,N,8739.4473,W,94
260407_233226_400,84746.398,4159.9746,N,8739.4473,W,94
260407_233226_500,84746.500,4159.9746,N,8739.4473,W,94
260407_233226_600,84746.602,4159.9746,N,8739.4473,W,94
260407_233226_700,84746.703,4159.9746,N,8739.4473,W,94
260407_233226_800,84746.797,4159.9746,N,8739.4473,W,95
260407_233226_900,84746.898,4159.9746,N,8739.4473,W,94
260407_233227_000,84747.000,4159.9746,N,8739.4482,W,94
260407_233227_100,84747.102,4159.9746,N,8739.4482,W,95
260407_233227_200,84747.203,4159.9746,N,8739.4482,W,95
260407_233227_300,84747.297,4159.9746,N,8739.4482,W,95
260407_233227_400,84747.398,4159.9746,N,8739.4482,W,95
260407_233227_500,84747.500,4159.9746,N,8739.4482,W,95
260407_233227_600,84747.602,4159.9746,N,8739.4482,W,94
260407_233227_700,84747.703,4159.9746,N,8739.4482,W,94
260407_233227_800,84747.797,4159.9746,N,8739.4482,W,95
260407_233227_900,84747.898,4159.9746,N,8739.4482,W,94
260407_233228_000,84748.000,4159.9746,N,8739.4482,W,95
260407_233228_100,84748.102,4159.9746,N,8739.4482,W,95
260407_233228_200,84748.203,4159.9746,N,8739.4482,W,95
260407_233228_300,84748.297,4159.9746,N,8739.4482,W,96
260407_233228_400,84748.398,4159.9746,N,8739.4482,W,95
260407_233228_500,84748.500,4159.9746,N,8739.4482,W,95
260407_233228_600,84748.602,4159.9746,N,8739.4482,W,96
260407_233228_700,84748.703,4159.9746,N,8739.4482,W,95
260407_233228_800,84748.797,4159.9746,N,8739.4482,W,95
260407_233228_900,84748.898,4159.9746,N,8739.4482,W,95
260407_233229_000,84749.000,4159.9746,N,8739.4482,W,96
260407_233229_100,84749.102,4159.9746,N,8739.4482,W,96
260407_233229_200,84749.203,4159.9746,N,8739.4482,W,96
260407_233229_300,84749.297,4159.9746,N,8739.4482,W,96
260407_233229_400,84749.398,4159.9746,N,8739.4482,W,96
260407_233229_500,84749.500,4159.9746,N,8739.4482,W,96
260407_233229_600,84749.602,4159.9746,N,8739.4482,W,96
260407_233229_700,84749.703,4159.9746,N,8739.4482,W,96
260407_233229_800,84749.797,4159.9746,N,8739.4482,W,96
260407_233229_900,84749.898,4159.9746,N,8739.4482,W,96
260407_233230_000,84750.000,4159.9751,N,8739.4482,W,97
260407_233230_100,84750.102,4159.9751,N,8739.4482,W,96
260407_233230_200,84750.203,4159.9751,N,8739.4482,W,97
260407_233230_300,84750.297,4159.9751,N,8739.4482,W,97
260407_233230_400,84750.398,4159.9751,N,8739.4482,W,97
260407_233230_500,84750.500,4159.9751,N,8739.4482,W,97
260407_233230_600,84750.602,4159.9751,N,8739.4482,W,97
260407_233230_700,84750.703,4159.9751,N,8739.4482,W,97
260407_233230_800,84750.797,4159.9751,N,8739.4482,W,97
260407_233230_900,84750.898,4159.9751,N,8739.4482,W,97
260407_233231_000,84751.000,4159.9751,N,8739.4482,W,97
260407_233231_100,84751.102,4159.9751,N,8739.4482,W,98
260407_233231_200,84751.203,4159.9751,N,8739.4482,W,97
260407_233231_300,84751.297,4159.9751,N,8739.4482,W,98
260407_233231_400,84751.398,4159.9751,N,8739.4482,W,97
260407_233231_500,84751.500,4159.9751,N,8739.4482,W,98
260407_233231_600,84751.602,4159.9751,N,8739.4482,W,98
260407_233231_700,84751.703,4159.9751,N,8739.4482,W,98
260407_233231_800,84751.797,4159.9751,N,8739.4482,W,98
260407_233231_900,84751.898,4159.9751,N,8739.4482,W,98
260407_233232_000,84752.000,4159.9751,N,8739.4482,W,99
260407_233232_100,84752.102,4159.9751,N,8739.4482,W,98
260407_233232_200,84752.203,4159.9751,N,8739.4482,W,98
260407_233232_300,84752.297,4159.9751,N,8739.4482,W,99
260407_233232_400,84752.398,4159.9751,N,8739.4482,W,99
260407_233232_500,84752.500,4159.9751,N,8739.4482,W,99
260407_233232_600,84752.602,4159.9751,N,8739.4482,W,98
260407_233232_700,84752.703,4159.9751,N,8739.4482,W,99
260407_233232_800,84752.797,4159.9751,N,8739.4482,W,99
260407_233232_900,84752.898,4159.9751,N,8739.4482,W,99
260407_233233_000,84753.000,4159.9746,N,8739.4482,W,99
260407_233233_100,84753.102,4159.9746,N,8739.4482,W,99
260407_233233_200,84753.203,4159.9746,N,8739.4482,W,99
260407_233233_300,84753.297,4159.9746,N,8739.4482,W,100
260407_233233_400,84753.398,4159.9746,N,8739.4482,W,99
260407_233233_500,84753.500,4159.9746,N,8739.4482,W,100
260407_233233_600,84753.602,4159.9746,N,8739.4482,W,100
260407_233233_700,84753.703,4159.9746,N,8739.4482,W,100
260407_233233_800,84753.797,4159.9746,N,8739.4482,W,100
260407_233233_900,84753.898,4159.9746,N,8739.4482,W,100
260407_233234_000,84754.000,4159.9746,N,8739.4482,W,100
260407_233234_100,84754.102,4159.9746,N,8739.4482,W,100
260407_233234_200,84754.203,4159.9746,N,8739.4482,W,100
260407_233234_300,84754.297,4159.9746,N,8739.4482,W,100
260407_233234_400,84754.398,4159.9746,N,8739.4482,W,100
260407_233234_500,84754.500,4159.9746,N,8739.4482,W,101
260407_233234_600,84754.602,4159.9746,N,8739.4482,W,101
260407_233234_700,84754.703,4159.9746,N,8739.4482,W,101
260407_233234_800,84754.797,4159.9746,N,8739.4482,W,101
260407_233234_900,84754.898,4159.9746,N,8739.4482,W,101
260407_233235_000,84755.000,4159.9746,N,8739.4482,W,100
260407_233235_100,84755.102,4159.9746,N,8739.4482,W,101
260407_233235_200,84755.203,4159.9746,N,8739.4482,W,101
260407_233235_300,84755.297,4159.9746,N,8739.4482,W,101
260407_233235_400,84755.398,4159.9746,N,8739.4482,W,101
260407_233235_500,84755.500,4159.9746,N,8739.4482,W,101
260407_233235_600,84755.602,4159.9746,N,8739.4482,W,102
260407_233235_700,84755.703,4159.9746,N,8739.4482,W,102
260407_233235_800,84755.797,4159.9746,N,8739.4482,W,102
260407_233235_900,84755.898,4159.9746,N,8739.4482,W,101
260407_233236_000,84756.000,4159.9751,N,8739.4482,W,102
260407_233236_100,84756.102,4159.9751,N,8739.4482,W,102
260407_233236_200,84756.203,4159.9751,N,8739.4482,W,102
260407_233236_300,84756.297,4159.9751,N,8739.4482,W,101
260407_233236_400,84756.398,4159.9751,N,8739.4482,W,102
260407_233236_500,84756.500,4159.9751,N,8739.4482,W,102
260407_233236_600,84756.602,4159.9751,N,8739.4482,W,103
260407_233236_700,84756.703,4159.9751,N,8739.4482,W,102
260407_233236_800,84756.797,4159.9751,N,8739.4482,W,103
260407_233236_900,84756.898,4159.9751,N,8739.4482,W,103
260407_233237_000,84757.000,4159.9751,N,8739.4482,W,102
260407_233237_100,84757.102,4159.9751,N,8739.4482,W,103
260407_233237_200,84757.203,4159.9751,N,8739.4482,W,102
260407_233237_300,84757.297,4159.9751,N,8739.4482,W,103
260407_233237_400,84757.398,4159.9751,N,8739.4482,W,103
260407_233237_500,84757.500,4159.9751,N,8739.4482,W,103
260407_233237_600,84757.602,4159.9751,N,8739.4482,W,103
260407_233237_700,84757.703,4159.9751,N,8739.4482,W,103
260407_233237_800,84757.797,4159.9751,N,8739.4482,W,103
260407_233237_900,84757.898,4159.9751,N,8739.4482,W,104
260407_233238_000,84758.000,4159.9751,N,8739.4473,W,103
260407_233238_100,84758.102,4159.9751,N,8739.4473,W,104
260407_233238_200,84758.203,4159.9751,N,8739.4473,W,103
260407_233238_300,84758.297,4159.9751,N,8739.4473,W,103
260407_233238_400,84758.398,4159.9751,N,8739.4473,W,104
260407_233238_500,84758.500,4159.9751,N,8739.4473,W,104
260407_233238_600,84758.602,4159.9751,N,8739.4473,W,103
260407_233238_700,84758.703,4159.9751,N,8739.4473,W,104
260407_233238_800,84758.797,4159.9751,N,8739.4473,W,104
260407_233238_900,84758.898,4159.9751,N,8739.4473,W,104
260407_233239_000,84759.000,4159.9751,N,8739.4473,W,104
260407_233239_100,84759.102,4159.9751,N,8739.4473,W,104
260407_233239_200,84759.203,4159.9751,N,8739.4473,W,104
260407_233239_300,84759.297,4159.9751,N,8739.4473,W,104
260407_233239_400,84759.398,4159.9751,N,8739.4473,W,104
260407_233239_500,84759.500,4159.9751,N,8739.4473,W,104
260407_233239_600,84759.602,4159.9751,N,8739.4473,W,104
260407_233239_700,84759.703,4159.9751,N,8739.4473,W,104
260407_233239_800,84759.797,4159.9751,N,8739.4473,W,105
260407_233239_900,84759.898,4159.9751,N,8739.4473,W,105
260407_233240_000,84760.000,4159.9756,N,8739.4473,W,104
260407_233240_100,84760.102,4159.9756,N,8739.4473,W,104
260407_233240_200,84760.203,4159.9756,N,8739.4473,W,105
260407_233240_300,84760.297,4159.9756,N,8739.4473,W,105
260407_233240_400,84760.398,4159.9756,N,8739.4473,W,105
260407_233240_500,84760.500,4159.9756,N,8739.4473,W,104
260407_233240_600,84760.602,4159.9756,N,8739.4473,W,104
260407_233240_700,84760.703,4159.9756,N,8739.4473,W,105
260407_233240_800,84760.797,4159.9756,N,8739.4473,W,105
260407_233240_900,84760.898,4159.9756,N,8739.4473,W,105
260407_233241_000,84761.000,4159.9756,N,8739.4473,W,105
260407_233241_100,84761.102,4159.9756,N,8739.4473,W,105
260407_233241_200,84761.203,4159.9756,N,8739.4473,W,106
260407_233241_300,84761.297,4159.9756,N,8739.4473,W,105
260407_233241_400,84761.398,4159.9756,N,8739.4473,W,105
260407_233241_500,84761.500,4159.9756,N,8739.4473,W,106
260407_233241_600,84761.602,4159.9756,N,8739.4473,W,105
260407_233241_700,84761.703,4159.9756,N,8739.4473,W,105
260407_233241_800,84761.797,4159.9756,N,8739.4473,W,105
260407_233241_900,84761.898,4159.9756,N,8739.4473,W,105
260407_233242_000,84762.000,4159.9756,N,8739.4473,W,106
260407_233242_100,84762.102,4159.9756,N,8739.4473,W,106
260407_233242_200,84762.203,4159.9756,N,8739.4473,W,106
260407_233242_300,84762.297,4159.9756,N,8739.4473,W,106
260407_233242_400,84762.398,4159.9756,N,8739.4473,W,105
260407_233242_500,84762.500,4159.9756,N,8739.4473,W,105
260407_233242_600,84762.602,4159.9756,N,8739.4473,W,105
260407_233242_700,84762.703,4159.9756,N,8739.4473,W,106
260407_233242_800,84762.797,4159.9756,N,8739.4473,W,105
260407_233242_900,84762.898,4159.9756,N,8739.4473,W,105
260407_233243_000,84763.000,4159.9761,N,8739.4473,W,106
260407_233243_100,84763.102,4159.9761,N,8739.4473,W,106
260407_233243_200,84763.203,4159.9761,N,8739.4473,W,106
260407_233243_300,84763.297,4159.9761,N,8739.4473,W,105
260407_233243_400,84763.398,4159.9761,N,8739.4473,W,106
260407_233243_500,84763.500,4159.9761,N,8739.4473,W,106
260407_233243_600,84763.602,4159.9761,N,8739.4473,W,105
260407_233243_700,84763.703,4159.9761,N,8739.4473,W,106
260407_233243_800,84763.797,4159.9761,N,8739.4473,W,105
260407_233243_900,84763.898,4159.9761,N,8739.4473,W,106
260407_233244_000,84764.000,4159.9761,N,8739.4473,W,105
260407_233244_100,84764.102,4159.9761,N,8739.4473,W,105
260407_233244_200,84764.203,4159.9761,N,8739.4473,W,106
260407_233244_300,84764.297,4159.9761,N,8739.4473,W,105
260407_233244_400,84764.398,4159.9761,N,8739.4473,W,106
260407_233244_500,84764.500,4159.9761,N,8739.4473,W,105
260407_233244_600,84764.602,4159.9761,N,8739.4473,W,105
260407_233244_700,84764.703,4159.9761,N,8739.4473,W,105
260407_233244_800,84764.797,4159.9761,N,8739.4473,W,106
260407_233244_900,84764.898,4159.9761,N,8739.4473,W,104
260407_233245_000,84765.000,4159.9766,N,8739.4473,W,105
260407_233245_100,84765.102,4159.9766,N,8739.4473,W,106
260407_233245_200,84765.203,4159.9766,N,8739.4473,W,105
260407_233245_300,84765.297,4159.9766,N,8739.4473,W,105
260407_233245_400,84765.398,4159.9766,N,8739.4473,W,105
260407_233245_500,84765.500,4159.9766,N,8739.4473,W,105
260407_233245_600,84765.602,4159.9766,N,8739.4473,W,105
260407_233245_700,84765.703,4159.9766,N,8739.4473,W,104
260407_233245_800,84765.797,4159.9766,N,8739.4473,W,104
260407_233245_900,84765.898,4159.9766,N,8739.4473,W,104
260407_233246_000,84766.000,4159.9766,N,8739.4473,W,105
260407_233246_100,84766.102,4159.9766,N,8739.4473,W,104
260407_233246_200,84766.203,4159.9766,N,8739.4473,W,104
260407_233246_300,84766.297,4159.9766,N,8739.4473,W,105
260407_233246_400,84766.398,4159.9766,N,8739.4473,W,104
260407_233246_500,84766.500,4159.9766,N,8739.4473,W,104
260407_233246_600,84766.602,4159.9766,N,8739.4473,W,104
260407_233246_700,84766.703,4159.9766,N,8739.4473,W,104
260407_233246_800,84766.797,4159.9766,N,8739.4473,W,104
260407_233246_900,84766.898,4159.9766,N,8739.4473,W,104
260407_233247_000,84767.000,4159.9761,N,8739.4473,W,104
260407_233247_100,84767.102,4159.9761,N,8739.4473,W,104
260407_233247_200,84767.203,4159.9761,N,8739.4473,W,103
260407_233247_300,84767.297,4159.9761,N,8739.4473,W,103
260407_233247_400,84767.398,4159.9761,N,8739.4473,W,104
260407_233247_500,84767.500,4159.9761,N,8739.4473,W,103
260407_233247_600,84767.602,4159.9761,N,8739.4473,W,103
260407_233247_700,84767.703,4159.9761,N,8739.4473,W,103
260407_233247_800,84767.797,4159.9761,N,8739.4473,W,103
260407_233247_900,84767.898,4159.9761,N,8739.4473,W,103
260407_233248_000,84768.000,4159.9766,N,8739.4473,W,102
260407_233248_100,84768.102,4159.9766,N,8739.4473,W,103
260407_233248_200,84768.203,4159.9766,N,8739.4473,W,103
260407_233248_300,84768.297,4159.9766,N,8739.4473,W,102
260407_233248_400,84768.398,4159.9766,N,8739.4473,W,102
260407_233248_500,84768.500,4159.9766,N,8739.4473,W,102
260407_233248_600,84768.602,4159.9766,N,8739.4473,W,102
260407_233248_700,84768.703,4159.9766,N,8739.4473,W,101
260407_233248_800,84768.797,4159.9766,N,8739.4473,W,101
260407_233248_900,84768.898,4159.9766,N,8739.4473,W,101
260407_233249_000,84769.000,4159.9766,N,8739.4473,W,101
260407_233249_100,84769.102,4159.9766,N,8739.4473,W,101
260407_233249_200,84769.203,4159.9766,N,8739.4473,W,101
260407_233249_300,84769.297,4159.9766,N,8739.4473,W,101
260407_233249_400,84769.398,4159.9766,N,8739.4473,W,100
260407_233249_500,84769.500,4159.9766,N,8739.4473,W,100
260407_233249_600,84769.602,4159.9766,N,8739.4473,W,100
260407_233249_700,84769.703,4159.9766,N,8739.4473,W,100
260407_233249_800,84769.797,4159.9766,N,8739.4473,W,99
260407_233249_900,84769.898,4159.9766,N,8739.4473,W,99
260407_233250_000,84770.000,4159.9766,N,8739.4473,W,99
260407_233250_100,84770.102,4159.9766,N,8739.4473,W,100
260407_233250_200,84770.203,4159.9766,N,8739.4473,W,99
260407_233250_300,84770.297,4159.9766,N,8739.4473,W,99
260407_233250_400,84770.398,4159.9766,N,8739.4473,W,98
260407_233250_500,84770.500,4159.9766,N,8739.4473,W,98
260407_233250_600,84770.602,4159.9766,N,8739.4473,W,98
260407_233250_700,84770.703,4159.9766,N,8739.4473,W,98
260407_233250_800,84770.797,4159.9766,N,8739.4473,W,98
260407_233250_900,84770.898,4159.9766,N,8739.4473,W,97
260407_233251_000,84771.000,4159.9766,N,8739.4473,W,98
260407_233251_100,84771.102,4159.9766,N,8739.4473,W,97
260407_233251_200,84771.203,4159.9766,N,8739.4473,W,97
260407_233251_300,84771.297,4159.9766,N,8739.4473,W,97
260407_233251_400,84771.398,4159.9766,N,8739.4473,W,97
260407_233251_500,84771.500,4159.9766,N,8739.4473,W,97
260407_233251_600,84771.602,4159.9766,N,8739.4473,W,96
260407_233251_700,84771.703,4159.9766,N,8739.4473,W,96
260407_233251_800,84771.797,4159.9766,N,8739.4473,W,96
260407_233251_900,84771.898,4159.9766,N,8739.4473,W,95
260407_233252_000,84772.000,4159.9771,N,8739.4473,W,95
260407_233252_100,84772.102,4159.9771,N,8739.4473,W,95
260407_233252_200,84772.203,4159.9771,N,8739.4473,W,94
260407_233252_300,84772.297,4159.9771,N,8739.4473,W,95
260407_233252_400,84772.398,4159.9771,N,8739.4473,W,94
260407_233252_500,84772.500,4159.9771,N,8739.4473,W,94
260407_233252_600,84772.602,4159.9771,N,8739.4473,W,94
260407_233252_700,84772.703,4159.9771,N,8739.4473,W,93
260407_233252_800,84772.797,4159.9771,N,8739.4473,W,94
260407_233252_900,84772.898,4159.9771,N,8739.4473,W,93
260407_233253_000,84773.000,4159.9775,N,8739.4473,W,93
260407_233253_100,84773.102,4159.9775,N,8739.4473,W,93
260407_233253_200,84773.203,4159.9775,N,8739.4473,W,93
260407_233253_300,84773.297,4159.9775,N,8739.4473,W,92
260407_233253_400,84773.398,4159.9775,N,8739.4473,W,92
260407_233253_500,84773.500,4159.9775,N,8739.4473,W,92
260407_233253_600,84773.602,4159.9775,N,8739.4473,W,92
260407_233253_700,84773.703,4159.9775,N,8739.4473,W,91
260407_233253_800,84773.797,4159.9775,N,8739.4473,W,91
260407_233253_900,84773.898,4159.9775,N,8739.4473,W,90
260407_233254_000,84774.000,4159.9775,N,8739.4482,W,91
260407_233254_100,84774.102,4159.9775,N,8739.4482,W,90
260407_233254_200,84774.203,4159.9775,N,8739.4482,W,90
260407_233254_300,84774.297,4159.9775,N,8739.4482,W,90
260407_233254_400,84774.398,4159.9775,N,8739.4482,W,89
260407_233254_500,84774.500,4159.9775,N,8739.4482,W,89
260407_233254_600,84774.602,4159.9775,N,8739.4482,W,88
260407_233254_700,84774.703,4159.9775,N,8739.4482,W,89
260407_233254_800,84774.797,4159.9775,N,8739.4482,W,89
260407_233254_900,84774.898,4159.9775,N,8739.4482,W,88
260407_233255_000,84775.000,4159.9775,N,8739.4482,W,88
260407_233255_100,84775.102,4159.9775,N,8739.4482,W,88
260407_233255_200,84775.203,4159.9775,N,8739.4482,W,87
260407_233255_300,84775.297,4159.9775,N,8739.4482,W,88
260407_233255_400,84775.398,4159.9775,N,8739.4482,W,88
260407_233255_500,84775.500,4159.9775,N,8739.4482,W,88
260407_233255_600,84775.602,4159.9775,N,8739.4482,W,87
260407_233255_700,84775.703,4159.9775,N,8739.4482,W,87
260407_233255_800,84775.797,4159.9775,N,8739.4482,W,87
260407_233255_900,84775.898,4159.9775,N,8739.4482,W,86
260407_233256_000,84776.000,4159.9771,N,8739.4482,W,87
260407_233256_100,84776.102,4159.9771,N,8739.4482,W,87
260407_233256_200,84776.203,4159.9771,N,8739.4482,W,86
260407_233256_300,84776.297,4159.9771,N,8739.4482,W,86
260407_233256_400,84776.398,4159.9771,N,8739.4482,W,85
260407_233256_500,84776.500,4159.9771,N,8739.4482,W,86
260407_233256_600,84776.602,4159.9771,N,8739.4482,W,85
260407_233256_700,84776.703,4159.9771,N,8739.4482,W,85
260407_233256_800,84776.797,4159.9771,N,8739.4482,W,85
260407_233256_900,84776.898,4159.9771,N,8739.4482,W,85
260407_233257_000,84777.000,4159.9771,N,8739.4482,W,84
260407_233257_100,84777.102,4159.9771,N,8739.4482,W,85
260407_233257_200,84777.203,4159.9771,N,8739.4482,W,84
260407_233257_300,84777.297,4159.9771,N,8739.4482,W,84
260407_233257_400,84777.398,4159.9771,N,8739.4482,W,85
260407_233257_500,84777.500,4159.9771,N,8739.4482,W,85
260407_233257_600,84777.602,4159.9771,N,8739.4482,W,84
260407_233257_700,84777.703,4159.9771,N,8739.4482,W,83
260407_233257_800,84777.797,4159.9771,N,8739.4482,W,83
260407_233257_900,84777.898,4159.9771,N,8739.4482,W,83
260407_233258_000,84778.000,4159.9771,N,8739.4492,W,83
260407_233258_100,84778.102,4159.9771,N,8739.4492,W,83
260407_233258_200,84778.203,4159.9771,N,8739.4492,W,83
260407_233258_300,84778.297,4159.9771,N,8739.4492,W,83
260407_233258_400,84778.398,4159.9771,N,8739.4492,W,83
260407_233258_500,84778.500,4159.9771,N,8739.4492,W,83
260407_233258_600,84778.602,4159.9771,N,8739.4492,W,83
260407_233258_700,84778.703,4159.9771,N,8739.4492,W,83
260407_233258_800,84778.797,4159.9771,N,8739.4492,W,83
260407_233258_900,84778.898,4159.9771,N,8739.4492,W,83
260407_233259_000,84779.000,4159.9771,N,8739.4492,W,83
260407_233259_100,84779.102,4159.9771,N,8739.4492,W,83
260407_233259_200,84779.203,4159.9771,N,8739.4492,W,83
260407_233259_300,84779.297,4159.9771,N,8739.4492,W,82
260407_233259_400,84779.398,4159.9771,N,8739.4492,W,82
260407_233259_500,84779.500,4159.9771,N,8739.4492,W,82
260407_233259_600,84779.602,4159.9771,N,8739.4492,W,82
260407_233259_700,84779.703,4159.9771,N,8739.4492,W,81
260407_233259_800,84779.797,4159.9771,N,8739.4492,W,81
260407_233259_900,84779.898,4159.9771,N,8739.4492,W,82
260407_233300_000,84780.000,4159.9771,N,8739.4492,W,83
260407_233300_100,84780.102,4159.9771,N,8739.4492,W,83
260407_233300_200,84780.203,4159.9771,N,8739.4492,W,83
260407_233300_300,84780.297,4159.9771,N,8739.4492,W,83
260407_233300_400,84780.398,4159.9771,N,8739.4492,W,83
260407_233300_500,84780.500,4159.9771,N,8739.4492,W,83
260407_233300_600,84780.602,4159.9771,N,8739.4492,W,83
260407_233300_700,84780.703,4159.9771,N,8739.4492,W,84
260407_233300_800,84780.797,4159.9771,N,8739.4492,W,83
260407_233300_900,84780.898,4159.9771,N,8739.4492,W,83
260407_233301_000,84781.000,4159.9766,N,8739.4482,W,83
260407_233301_100,84781.102,4159.9766,N,8739.4482,W,84
260407_233301_200,84781.203,4159.9766,N,8739.4482,W,84
260407_233301_300,84781.297,4159.9766,N,8739.4482,W,84
260407_233301_400,84781.398,4159.9766,N,8739.4482,W,85
260407_233301_500,84781.500,4159.9766,N,8739.4482,W,85
260407_233301_600,84781.602,4159.9766,N,8739.4482,W,85
260407_233301_700,84781.703,4159.9766,N,8739.4482,W,85
260407_233301_800,84781.797,4159.9766,N,8739.4482,W,85
260407_233301_900,84781.898,4159.9766,N,8739.4482,W,85
260407_233302_000,84782.000,4159.9766,N,8739.4482,W,84
260407_233302_100,84782.102,4159.9766,N,8739.4482,W,85
260407_233302_200,84782.203,4159.9766,N,8739.4482,W,85
260407_233302_300,84782.297,4159.9766,N,8739.4482,W,85
260407_233302_400,84782.398,4159.9766,N,8739.4482,W,85
260407_233302_500,84782.500,4159.9766,N,8739.4482,W,86
260407_233302_600,84782.602,4159.9766,N,8739.4482,W,86
260407_233302_700,84782.703,4159.9766,N,8739.4482,W,86
260407_233302_800,84782.797,4159.9766,N,8739.4482,W,86
260407_233302_900,84782.898,4159.9766,N,8739.4482,W,86
260407_233303_000,84783.000,4159.9766,N,8739.4482,W,86
260407_233303_100,84783.102,4159.9766,N,8739.4482,W,86
260407_233303_200,84783.203,4159.9766,N,8739.4482,W,87
260407_233303_300,84783.297,4159.9766,N,8739.4482,W,87
260407_233303_400,84783.398,4159.9766,N,8739.4482,W,87
260407_233303_500,84783.500,4159.9766,N,8739.4482,W,87
260407_233303_600,84783.602,4159.9766,N,8739.4482,W,88
260407_233303_700,84783.703,4159.9766,N,8739.4482,W,88
260407_233303_800,84783.797,4159.9766,N,8739.4482,W,87
260407_233303_900,84783.898,4159.9766,N,8739.4482,W,87
260407_233304_000,84784.000,4159.9766,N,8739.4482,W,88
260407_233304_100,84784.102,4159.9766,N,8739.4482,W,88
260407_233304_200,84784.203,4159.9766,N,8739.4482,W,89
260407_233304_300,84784.297,4159.9766,N,8739.4482,W,89
260407_233304_400,84784.398,4159.9766,N,8739.4482,W,89
260407_233304_500,84784.500,4159.9766,N,8739.4482,W,89
260407_233304_600,84784.602,4159.9766,N,8739.4482,W,90
260407_233304_700,84784.703,4159.9766,N,8739.4482,W,90
260407_233304_800,84784.797,4159.9766,N,8739.4482,W,89
260407_233304_900,84784.898,4159.9766,N,8739.4482,W,90
260407_233305_000,84785.000,4159.9766,N,8739.4482,W,90
260407_233305_100,84785.102,4159.9766,N,8739.4482,W,91
260407_233305_200,84785.203,4159.9766,N,8739.4482,W,90
260407_233305_300,84785.297,4159.9766,N,8739.4482,W,91
260407_233305_400,84785.398,4159.9766,N,8739.4482,W,91
260407_233305_500,84785.500,4159.9766,N,8739.4482,W,91
260407_233305_600,84785.602,4159.9766,N,8739.4482,W,92
260407_233305_700,84785.703,4159.9766,N,8739.4482,W,92
260407_233305_800,84785.797,4159.9766,N,8739.4482,W,92
260407_233305_900,84785.898,4159.9766,N,8739.4482,W,92
260407_233306_000,84786.000,4159.9761,N,8739.4482,W,93
260407_233306_100,84786.102,4159.9761,N,8739.4482,W,92
260407_233306_200,84786.203,4159.9761,N,8739.4482,W,93
260407_233306_300,84786.297,4159.9761,N,8739.4482,W,94
260407_233306_400,84786.398,4159.9761,N,8739.4482,W,94
260407_233306_500,84786.500,4159.9761,N,8739.4482,W,94
260407_233306_600,84786.602,4159.9761,N,8739.4482,W,95
260407_233306_700,84786.703,4159.9761,N,8739.4482,W,95
260407_233306_800,84786.797,4159.9761,N,8739.4482,W,95
260407_233306_900,84786.898,4159.9761,N,8739.4482,W,95
260407_233307_000,84787.000,4159.9761,N,8739.4482,W,95
260407_233307_100,84787.102,4159.9761,N,8739.4482,W,96
260407_233307_200,84787.203,4159.9761,N,8739.4482,W,96
260407_233307_300,84787.297,4159.9761,N,8739.4482,W,96
260407_233307_400,84787.398,4159.9761,N,8739.4482,W,96
260407_233307_500,84787.500,4159.9761,N,8739.4482,W,97
260407_233307_600,84787.602,4159.9761,N,8739.4482,W,97
260407_233307_700,84787.703,4159.9761,N,8739.4482,W,98
260407_233307_800,84787.797,4159.9761,N,8739.4482,W,98
260407_233307_900,84787.898,4159.9761,N,8739.4482,W,98
260407_233308_000,84788.000,4159.9761,N,8739.4482,W,98
260407_233308_100,84788.102,4159.9761,N,8739.4482,W,98
260407_233308_200,84788.203,4159.9761,N,8739.4482,W,99
260407_233308_300,84788.297,4159.9761,N,8739.4482,W,99
260407_233308_400,84788.398,4159.9761,N,8739.4482,W,99
260407_233308_500,84788.500,4159.9761,N,8739.4482,W,100
260407_233308_600,84788.602,4159.9761,N,8739.4482,W,100
260407_233308_700,84788.703,4159.9761,N,8739.4482,W,100
260407_233308_800,84788.797,4159.9761,N,8739.4482,W,100
260407_233308_900,84788.898,4159.9761,N,8739.4482,W,100
260407_233309_000,84789.000,4159.9761,N,8739.4482,W,100
260407_233309_100,84789.102,4159.9761,N,8739.4482,W,101
260407_233309_200,84789.203,4159.9761,N,8739.4482,W,101
260407_233309_300,84789.297,4159.9761,N,8739.4482,W,102
260407_233309_400,84789.398,4159.9761,N,8739.4482,W,102
260407_233309_500,84789.500,4159.9761,N,8739.4482,W,101
260407_233309_600,84789.602,4159.9761,N,8739.4482,W,101
260407_233309_700,84789.703,4159.9761,N,8739.4482,W,102
260407_233309_800,84789.797,4159.9761,N,8739.4482,W,102
260407_233309_900,84789.898,4159.9761,N,8739.4482,W,102
260407_233310_000,84790.000,4159.9766,N,8739.4482,W,103
260407_233310_100,84790.102,4159.9766,N,8739.4482,W,103
260407_233310_200,84790.203,4159.9766,N,8739.4482,W,103
260407_233310_300,84790.297,4159.9766,N,8739.4482,W,103
260407_233310_400,84790.398,4159.9766,N,8739.4482,W,103
260407_233310_500,84790.500,4159.9766,N,8739.4482,W,103
260407_233310_600,84790.602,4159.9766,N,8739.4482,W,103
260407_233310_700,84790.703,4159.9766,N,8739.4482,W,103
260407_233310_800,84790.797,4159.9766,N,8739.4482,W,103
260407_233310_900,84790.898,4159.9766,N,8739.4482,W,104
260407_233311_000,84791.000,4159.9771,N,8739.4482,W,104
260407_233311_100,84791.102,4159.9771,N,8739.4482,W,104
260407_233311_200,84791.203,4159.9771,N,8739.4482,W,104
260407_233311_300,84791.297,4159.9771,N,8739.4482,W,104
260407_233311_400,84791.398,4159.9771,N,8739.4482,W,104
260407_233311_500,84791.500,4159.9771,N,8739.4482,W,104
260407_233311_600,84791.602,4159.9771,N,8739.4482,W,105
260407_233311_700,84791.703,4159.9771,N,8739.4482,W,105
260407_233311_800,84791.797,4159.9771,N,8739.4482,W,105
260407_233311_900,84791.898,4159.9771,N,8739.4482,W,104
260407_233312_000,84792.000,4159.9775,N,8739.4482,W,105
260407_233312_100,84792.102,4159.9775,N,8739.4482,W,105
260407_233312_200,84792.203,4159.9775,N,8739.4482,W,105
260407_233312_300,84792.297,4159.9775,N,8739.4482,W,106
260407_233312_400,84792.398,4159.9775,N,8739.4482,W,106
260407_233312_500,84792.500,4159.9775,N,8739.4482,W,106
260407_233312_600,84792.602,4159.9775,N,8739.4482,W,106
260407_233312_700,84792.703,4159.9775,N,8739.4482,W,106
260407_233312_800,84792.797,4159.9775,N,8739.4482,W,106
260407_233312_900,84792.898,4159.9775,N,8739.4482,W,106
260407_233313_000,84793.000,4159.9780,N,8739.4482,W,106
260407_233313_100,84793.102,4159.9780,N,8739.4482,W,106
260407_233313_200,84793.203,4159.9780,N,8739.4482,W,106
260407_233313_300,84793.297,4159.9780,N,8739.4482,W,106
260407_233313_400,84793.398,4159.9780,N,8739.4482,W,106
260407_233313_500,84793.500,4159.9780,N,8739.4482,W,107
260407_233313_600,84793.602,4159.9780,N,8739.4482,W,106
260407_233313_700,84793.703,4159.9780,N,8739.4482,W,107
260407_233313_800,84793.797,4159.9780,N,8739.4482,W,106
260407_233313_900,84793.898,4159.9780,N,8739.4482,W,106
260407_233314_000,84794.000,4159.9785,N,8739.4492,W,106
260407_233314_100,84794.102,4159.9785,N,8739.4492,W,106
260407_233314_200,84794.203,4159.9785,N,8739.4492,W,107
260407_233314_300,84794.297,4159.9785,N,8739.4492,W,106
260407_233314_400,84794.398,4159.9785,N,8739.4492,W,107
260407_233314_500,84794.500,4159.9785,N,8739.4492,W,107
260407_233314_600,84794.602,4159.9785,N,8739.4492,W,107
260407_233314_700,84794.703,4159.9785,N,8739.4492,W,107
260407_233314_800,84794.797,4159.9785,N,8739.4492,W,107
260407_233314_900,84794.898,4159.9785,N,8739.4492,W,106
260407_233315_000,84795.000,4159.9785,N,8739.4492,W,106
260407_233315_100,84795.102,4159.9785,N,8739.4492,W,107
260407_233315_200,84795.203,4159.9785,N,8739.4492,W,107
260407_233315_300,84795.297,4159.9785,N,8739.4492,W,106
260407_233315_400,84795.398,4159.9785,N,8739.4492,W,106
260407_233315_500,84795.500,4159.9785,N,8739.4492,W,106
260407_233315_600,84795.602,4159.9785,N,8739.4492,W,106
260407_233315_700,84795.703,4159.9785,N,8739.4492,W,106
260407_233315_800,84795.797,4159.9785,N,8739.4492,W,105
260407_233315_900,84795.898,4159.9785,N,8739.4492,W,106
260407_233316_000,84796.000,4159.9790,N,8739.4492,W,105
260407_233316_100,84796.102,4159.9790,N,8739.4492,W,106
260407_233316_200,84796.203,4159.9790,N,8739.4492,W,105
260407_233316_300,84796.297,4159.9790,N,8739.4492,W,106
260407_233316_400,84796.398,4159.9790,N,8739.4492,W,105
260407_233316_500,84796.500,4159.9790,N,8739.4492,W,105
260407_233316_600,84796.602,4159.9790,N,8739.4492,W,105
260407_233316_700,84796.703,4159.9790,N,8739.4492,W,105
260407_233316_800,84796.797,4159.9790,N,8739.4492,W,105
260407_233316_900,84796.898,4159.9790,N,8739.4492,W,104
260407_233317_000,84797.000,4159.9790,N,8739.4492,W,104
260407_233317_100,84797.102,4159.9790,N,8739.4492,W,104
260407_233317_200,84797.203,4159.9790,N,8739.4492,W,105
260407_233317_300,84797.297,4159.9790,N,8739.4492,W,105
260407_233317_400,84797.398,4159.9790,N,8739.4492,W,104
260407_233317_500,84797.500,4159.9790,N,8739.4492,W,104
260407_233317_600,84797.602,4159.9790,N,8739.4492,W,104
260407_233317_700,84797.703,4159.9790,N,8739.4492,W,104
260407_233317_800,84797.797,4159.9790,N,8739.4492,W,103
260407_233317_900,84797.898,4159.9790,N,8739.4492,W,104
260407_233318_000,84798.000,4159.9790,N,8739.4492,W,103
260407_233318_100,84798.102,4159.9790,N,8739.4492,W,103
260407_233318_200,84798.203,4159.9790,N,8739.4492,W,103
260407_233318_300,84798.297,4159.9790,N,8739.4492,W,103
260407_233318_400,84798.398,4159.9790,N,8739.4492,W,103
260407_233318_500,84798.500,4159.9790,N,8739.4492,W,103
260407_233318_600,84798.602,4159.9790,N,8739.4492,W,101
260407_233318_700,84798.703,4159.9790,N,8739.4492,W,102
260407_233318_800,84798.797,4159.9790,N,8739.4492,W,102
260407_233318_900,84798.898,4159.9790,N,8739.4492,W,101
260407_233319_000,84799.000,4159.9795,N,8739.4492,W,101
260407_233319_100,84799.102,4159.9795,N,8739.4492,W,101
260407_233319_200,84799.203,4159.9795,N,8739.4492,W,101
260407_233319_300,84799.297,4159.9795,N,8739.4492,W,101
260407_233319_400,84799.398,4159.9795,N,8739.4492,W,101
260407_233319_500,84799.500,4159.9795,N,8739.4492,W,101
260407_233319_600,84799.602,4159.9795,N,8739.4492,W,101
260407_233319_700,84799.703,4159.9795,N,8739.4492,W,100
260407_233319_800,84799.797,4159.9795,N,8739.4492,W,100
260407_233319_900,84799.898,4159.9795,N,8739.4492,W,100
260407_233320_000,84800.000,4159.9800,N,8739.4502,W,100
260407_233320_100,84800.102,4159.9800,N,8739.4502,W,100
260407_233320_200,84800.203,4159.9800,N,8739.4502,W,100
260407_233320_300,84800.297,4159.9800,N,8739.4502,W,99
260407_233320_400,84800.398,4159.9800,N,8739.4502,W,99
260407_233320_500,84800.500,4159.9800,N,8739.4502,W,99
260407_233320_600,84800.602,4159.9800,N,8739.4502,W,99
260407_233320_700,84800.703,4159.9800,N,8739.4502,W,99
260407_233320_800,84800.797,4159.9800,N,8739.4502,W,99
260407_233320_900,84800.898,4159.9800,N,8739.4502,W,98
260407_233321_000,84801.000,4159.9800,N,8739.4502,W,98
260407_233321_100,84801.102,4159.9800,N,8739.4502,W,98
260407_233321_200,84801.203,4159.9800,N,8739.4502,W,98
260407_233321_300,84801.297,4159.9800,N,8739.4502,W,98
260407_233321_400,84801.398,4159.9800,N,8739.4502,W,98
260407_233321_500,84801.500,4159.9800,N,8739.4502,W,97
260407_233321_600,84801.602,4159.9800,N,8739.4502,W,97
260407_233321_700,84801.703,4159.9800,N,8739.4502,W,97
260407_233321_800,84801.797,4159.9800,N,8739.4502,W,97
260407_233321_900,84801.898,4159.9800,N,8739.4502,W,96
260407_233322_000,84802.000,4159.9800,N,8739.4502,W,96
260407_233322_100,84802.102,4159.9800,N,8739.4502,W,96
260407_233322_200,84802.203,4159.9800,N,8739.4502,W,96
260407_233322_300,84802.297,4159.9800,N,8739.4502,W,95
260407_233322_400,84802.398,4159.9800,N,8739.4502,W,95
260407_233322_500,84802.500,4159.9800,N,8739.4502,W,95
260407_233322_600,84802.602,4159.9800,N,8739.4502,W,94
260407_233322_700,84802.703,4159.9800,N,8739.4502,W,94
260407_233322_800,84802.797,4159.9800,N,8739.4502,W,94
260407_233322_900,84802.898,4159.9800,N,8739.4502,W,93
260407_233323_000,84803.000,4159.9800,N,8739.4502,W,94
260407_233323_100,84803.102,4159.9800,N,8739.4502,W,94
260407_233323_200,84803.203,4159.9800,N,8739.4502,W,93
260407_233323_300,84803.297,4159.9800,N,8739.4502,W,93
260407_233323_400,84803.398,4159.9800,N,8739.4502,W,93
260407_233323_500,84803.500,4159.9800,N,8739.4502,W,93
260407_233323_600,84803.602,4159.9800,N,8739.4502,W,93
260407_233323_700,84803.703,4159.9800,N,8739.4502,W,92
260407_233323_800,84803.797,4159.9800,N,8739.4502,W,92
260407_233323_900,84803.898,4159.9800,N,8739.4502,W,92
260407_233324_000,84804.000,4159.9805,N,8739.4502,W,92
260407_233324_100,84804.102,4159.9805,N,8739.4502,W,92
260407_233324_200,84804.203,4159.9805,N,8739.4502,W,91
260407_233324_300,84804.297,4159.9805,N,8739.4502,W,92
260407_233324_400,84804.398,4159.9805,N,8739.4502,W,92
260407_233324_500,84804.500,4159.9805,N,8739.4502,W,91
260407_233324_600,84804.602,4159.9805,N,8739.4502,W,90
260407_233324_700,84804.703,4159.9805,N,8739.4502,W,91
260407_233324_800,84804.797,4159.9805,N,8739.4502,W,91
260407_233324_900,84804.898,4159.9805,N,8739.4502,W,91
260407_233325_000,84805.000,4159.9805,N,8739.4502,W,91
260407_233325_100,84805.102,4159.9805,N,8739.4502,W,90
260407_233325_200,84805.203,4159.9805,N,8739.4502,W,90
260407_233325_300,84805.297,4159.9805,N,8739.4502,W,90
260407_233325_400,84805.398,4159.9805,N,8739.4502,W,90
260407_233325_500,84805.500,4159.9805,N,8739.4502,W,90
260407_233325_600,84805.602,4159.9805,N,8739.4502,W,89
260407_233325_700,84805.703,4159.9805,N,8739.4502,W,89
260407_233325_800,84805.797,4159.9805,N,8739.4502,W,89
260407_233325_900,84805.898,4159.9805,N,8739.4502,W,89
260407_233326_000,84806.000,4159.9805,N,8739.4502,W,89
260407_233326_000,84806.000,4159.9819,N,8739.4492,W,89
260407_233326_100,84806.102,4159.9819,N,8739.4492,W,88
260407_233326_200,84806.203,4159.9819,N,8739.4492,W,89
260407_233326_300,84806.297,4159.9819,N,8739.4492,W,89
260407_233326_400,84806.398,4159.9819,N,8739.4492,W,89
260407_233326_500,84806.500,4159.9819,N,8739.4492,W,88
260407_233326_600,84806.602,4159.9819,N,8739.4492,W,88
260407_233326_700,84806.703,4159.9819,N,8739.4492,W,88
260407_233326_800,84806.797,4159.9819,N,8739.4492,W,88
260407_233326_900,84806.898,4159.9819,N,8739.4492,W,87
260407_233327_000,84807.000,4159.9805,N,8739.4502,W,88
260407_233327_100,84807.102,4159.9805,N,8739.4502,W,88
260407_233327_200,84807.203,4159.9805,N,8739.4502,W,87
260407_233327_300,84807.297,4159.9805,N,8739.4502,W,87
260407_233327_400,84807.398,4159.9805,N,8739.4502,W,87
260407_233327_500,84807.500,4159.9805,N,8739.4502,W,87
260407_233327_600,84807.602,4159.9805,N,8739.4502,W,87
260407_233327_700,84807.703,4159.9805,N,8739.4502,W,86
260407_233327_800,84807.797,4159.9805,N,8739.4502,W,87
260407_233327_900,84807.898,4159.9805,N,8739.4502,W,86
260407_233328_000,84808.000,4159.9810,N,8739.4502,W,86
260407_233328_100,84808.102,4159.9810,N,8739.4502,W,86
260407_233328_200,84808.203,4159.9810,N,8739.4502,W,86
260407_233328_300,84808.297,4159.9810,N,8739.4502,W,86
260407_233328_400,84808.398,4159.9810,N,8739.4502,W,86
260407_233328_500,84808.500,4159.9810,N,8739.4502,W,86
260407_233328_600,84808.602,4159.9810,N,8739.4502,W,86
260407_233328_700,84808.703,4159.9810,N,8739.4502,W,87
260407_233328_800,84808.797,4159.9810,N,8739.4502,W,86
260407_233328_900,84808.898,4159.9810,N,8739.4502,W,87
260407_233329_000,84809.000,4159.9810,N,8739.4502,W,87
260407_233329_100,84809.102,4159.9810,N,8739.4502,W,88
260407_233329_200,84809.203,4159.9810,N,8739.4502,W,88
260407_233329_300,84809.297,4159.9810,N,8739.4502,W,88
260407_233329_400,84809.398,4159.9810,N,8739.4502,W,86
260407_233329_500,84809.500,4159.9810,N,8739.4502,W,85
260407_233329_600,84809.602,4159.9810,N,8739.4502,W,85
260407_233329_700,84809.703,4159.9810,N,8739.4502,W,85
260407_233329_800,84809.797,4159.9810,N,8739.4502,W,85
260407_233329_900,84809.898,4159.9810,N,8739.4502,W,85
260407_233330_000,84810.000,4159.9810,N,8739.4502,W,87
260407_233330_100,84810.102,4159.9810,N,8739.4502,W,86
260407_233330_200,84810.203,4159.9810,N,8739.4502,W,85
260407_233330_300,84810.297,4159.9810,N,8739.4502,W,84
260407_233330_400,84810.398,4159.9810,N,8739.4502,W,83
260407_233330_500,84810.500,4159.9810,N,8739.4502,W,88
260407_233330_600,84810.602,4159.9810,N,8739.4502,W,88
260407_233330_700,84810.703,4159.9810,N,8739.4502,W,86
260407_233330_800,84810.797,4159.9810,N,8739.4502,W,87
260407_233330_900,84810.898,4159.9810,N,8739.4502,W,84
260407_233331_000,84811.000,4159.9810,N,8739.4502,W,81
260407_233331_099,84811.102,4159.9810,N,8739.4502,W,80
260407_233331_199,84811.195,4159.9810,N,8739.4502,W,73
260407_233331_299,84811.297,4159.9810,N,8739.4502,W,66
260407_233331_399,84811.398,4159.9810,N,8739.4502,W,61
260407_233331_499,84811.500,4159.9810,N,8739.4502,W,52
260407_233331_599,84811.602,4159.9810,N,8739.4502,W,47
260407_233331_699,84811.695,4159.9810,N,8739.4502,W,52
260407_233331_799,84811.797,4159.9810,N,8739.4502,W,63
260407_233331_899,84811.898,4159.9810,N,8739.4502,W,71
260407_233332_000,84812.000,4159.9810,N,8739.4502,W,72
260407_233332_100,84812.102,4159.9810,N,8739.4502,W,71
260407_233332_200,84812.203,4159.9810,N,8739.4502,W,74
260407_233332_300,84812.297,4159.9810,N,8739.4502,W,77
260407_233332_400,84812.398,4159.9810,N,8739.4502,W,79
260407_233332_500,84812.500,4159.9810,N,8739.4502,W,79
260407_233332_600,84812.602,4159.9810,N,8739.4502,W,81
260407_233332_700,84812.703,4159.9810,N,8739.4502,W,82
260407_233332_800,84812.797,4159.9810,N,8739.4502,W,82
260407_233332_900,84812.898,4159.9810,N,8739.4502,W,82
260407_233333_000,84813.000,4159.9810,N,8739.4502,W,82
260407_233333_100,84813.102,4159.9810,N,8739.4502,W,83
260407_233333_200,84813.203,4159.9810,N,8739.4502,W,83
260407_233333_300,84813.297,4159.9810,N,8739.4502,W,83
260407_233333_400,84813.398,4159.9810,N,8739.4502,W,82
260407_233333_500,84813.500,4159.9810,N,8739.4502,W,83
260407_233333_600,84813.602,4159.9810,N,8739.4502,W,83
260407_233333_700,84813.703,4159.9810,N,8739.4502,W,83
260407_233333_800,84813.797,4159.9810,N,8739.4502,W,83
260407_233333_900,84813.898,4159.9810,N,8739.4502,W,82
260407_233334_000,84814.000,4159.9814,N,8739.4502,W,83
260407_233334_100,84814.102,4159.9814,N,8739.4502,W,83
260407_233334_200,84814.203,4159.9814,N,8739.4502,W,83
260407_233334_300,84814.297,4159.9814,N,8739.4502,W,83
260407_233334_400,84814.398,4159.9814,N,8739.4502,W,83
260407_233334_500,84814.500,4159.9814,N,8739.4502,W,83
260407_233334_600,84814.602,4159.9814,N,8739.4502,W,83
260407_233334_700,84814.703,4159.9814,N,8739.4502,W,83
260407_233334_800,84814.797,4159.9814,N,8739.4502,W,83
260407_233334_900,84814.898,4159.9814,N,8739.4502,W,83
260407_233335_000,84815.000,4159.9814,N,8739.4502,W,83
260407_233335_100,84815.102,4159.9814,N,8739.4502,W,83
260407_233335_200,84815.203,4159.9814,N,8739.4502,W,83
260407_233335_300,84815.297,4159.9814,N,8739.4502,W,83
260407_233335_400,84815.398,4159.9814,N,8739.4502,W,83
260407_233335_500,84815.500,4159.9814,N,8739.4502,W,83
260407_233335_600,84815.602,4159.9814,N,8739.4502,W,83
260407_233335_700,84815.703,4159.9814,N,8739.4502,W,83
260407_233335_800,84815.797,4159.9814,N,8739.4502,W,83
260407_233335_900,84815.898,4159.9814,N,8739.4502,W,83
260407_233336_000,84816.000,4159.9814,N,8739.4502,W,83
260407_233336_100,84816.102,4159.9814,N,8739.4502,W,83
260407_233336_200,84816.203,4159.9814,N,8739.4502,W,84
260407_233336_300,84816.297,4159.9814,N,8739.4502,W,84
260407_233336_400,84816.398,4159.9814,N,8739.4502,W,84
260407_233336_500,84816.500,4159.9814,N,8739.4502,W,83
260407_233336_600,84816.602,4159.9814,N,8739.4502,W,83
260407_233336_700,84816.703,4159.9814,N,8739.4502,W,83
260407_233336_800,84816.797,4159.9814,N,8739.4502,W,84
260407_233336_900,84816.898,4159.9814,N,8739.4502,W,84
260407_233337_000,84817.000,4159.9814,N,8739.4502,W,84
260407_233337_100,84817.102,4159.9814,N,8739.4502,W,83
260407_233337_200,84817.203,4159.9814,N,8739.4502,W,84
260407_233337_300,84817.297,4159.9814,N,8739.4502,W,83
260407_233337_400,84817.398,4159.9814,N,8739.4502,W,83
260407_233337_500,84817.500,4159.9814,N,8739.4502,W,84
260407_233337_600,84817.602,4159.9814,N,8739.4502,W,84
260407_233337_700,84817.703,4159.9814,N,8739.4502,W,84
260407_233337_800,84817.797,4159.9814,N,8739.4502,W,84
260407_233337_900,84817.898,4159.9814,N,8739.4502,W,84
260407_233338_000,84818.000,4159.9814,N,8739.4502,W,84
260407_233338_100,84818.102,4159.9814,N,8739.4502,W,84
260407_233338_200,84818.203,4159.9814,N,8739.4502,W,84
260407_233338_300,84818.297,4159.9814,N,8739.4502,W,84
260407_233338_400,84818.398,4159.9814,N,8739.4502,W,84
260407_233338_500,84818.500,4159.9814,N,8739.4502,W,84
260407_233338_600,84818.602,4159.9814,N,8739.4502,W,84
260407_233338_700,84818.703,4159.9814,N,8739.4502,W,84
260407_233338_800,84818.797,4159.9814,N,8739.4502,W,84
260407_233338_900,84818.898,4159.9814,N,8739.4502,W,84
260407_233339_000,84819.000,4159.9814,N,8739.4502,W,84
260407_233339_100,84819.102,4159.9814,N,8739.4502,W,84
260407_233339_200,84819.203,4159.9814,N,8739.4502,W,84
260407_233339_300,84819.297,4159.9814,N,8739.4502,W,84
260407_233339_400,84819.398,4159.9814,N,8739.4502,W,84
260407_233339_500,84819.500,4159.9814,N,8739.4502,W,84
260407_233339_600,84819.602,4159.9814,N,8739.4502,W,84
260407_233339_700,84819.703,4159.9814,N,8739.4502,W,84
260407_233339_800,84819.797,4159.9814,N,8739.4502,W,84
260407_233339_900,84819.898,4159.9814,N,8739.4502,W,84
260407_233340_000,84820.000,4159.9814,N,8739.4502,W,84
260407_233340_100,84820.102,4159.9814,N,8739.4502,W,84
260407_233340_200,84820.203,4159.9814,N,8739.4502,W,84
260407_233340_300,84820.297,4159.9814,N,8739.4502,W,84
260407_233340_400,84820.398,4159.9814,N,8739.4502,W,84
260407_233340_500,84820.500,4159.9814,N,8739.4502,W,85
260407_233340_600,84820.602,4159.9814,N,8739.4502,W,85
260407_233340_700,84820.703,4159.9814,N,8739.4502,W,84
260407_233340_800,84820.797,4159.9814,N,8739.4502,W,84
260407_233340_900,84820.898,4159.9814,N,8739.4502,W,84
260407_233341_000,84821.000,4159.9814,N,8739.4502,W,85
260407_233341_100,84821.102,4159.9814,N,8739.4502,W,84
260407_233341_200,84821.203,4159.9814,N,8739.4502,W,84
260407_233341_300,84821.297,4159.9814,N,8739.4502,W,84
260407_233341_400,84821.398,4159.9814,N,8739.4502,W,84
260407_233341_500,84821.500,4159.9814,N,8739.4502,W,85
260407_233341_600,84821.602,4159.9814,N,8739.4502,W,84
260407_233341_700,84821.703,4159.9814,N,8739.4502,W,84
260407_233341_800,84821.797,4159.9814,N,8739.4502,W,85
260407_233341_900,84821.898,4159.9814,N,8739.4502,W,85
260407_233342_000,84822.000,4159.9819,N,8739.4502,W,84
260407_233342_100,84822.102,4159.9819,N,8739.4502,W,85
260407_233342_200,84822.203,4159.9819,N,8739.4502,W,85
260407_233342_300,84822.297,4159.9819,N,8739.4502,W,85
260407_233342_400,84822.398,4159.9819,N,8739.4502,W,85
260407_233342_500,84822.500,4159.9819,N,8739.4502,W,85
260407_233342_600,84822.602,4159.9819,N,8739.4502,W,85
260407_233342_700,84822.703,4159.9819,N,8739.4502,W,85
260407_233342_800,84822.797,4159.9819,N,8739.4502,W,85
260407_233342_900,84822.898,4159.9819,N,8739.4502,W,85
260407_233343_000,84823.000,4159.9819,N,8739.4492,W,84
260407_233343_100,84823.102,4159.9819,N,8739.4492,W,85
260407_233343_200,84823.203,4159.9819,N,8739.4492,W,85
260407_233343_300,84823.297,4159.9819,N,8739.4492,W,85
260407_233343_400,84823.398,4159.9819,N,8739.4492,W,85
260407_233343_500,84823.500,4159.9819,N,8739.4492,W,85
260407_233343_600,84823.602,4159.9819,N,8739.4492,W,85
260407_233343_700,84823.703,4159.9819,N,8739.4492,W,85
260407_233343_800,84823.797,4159.9819,N,8739.4492,W,85
260407_233343_900,84823.898,4159.9819,N,8739.4492,W,85
260407_233344_000,84824.000,4159.9819,N,8739.4492,W,85
260407_233344_100,84824.102,4159.9819,N,8739.4492,W,85
260407_233344_200,84824.203,4159.9819,N,8739.4492,W,85
260407_233344_300,84824.297,4159.9819,N,8739.4492,W,85
260407_233344_400,84824.398,4159.9819,N,8739.4492,W,85
260407_233344_500,84824.500,4159.9819,N,8739.4492,W,85
260407_233344_600,84824.602,4159.9819,N,8739.4492,W,85
260407_233344_700,84824.703,4159.9819,N,8739.4492,W,85
260407_233344_800,84824.797,4159.9819,N,8739.4492,W,85
260407_233344_900,84824.898,4159.9819,N,8739.4492,W,85
260407_233345_000,84825.000,4159.9819,N,8739.4492,W,85
260407_233345_100,84825.102,4159.9819,N,8739.4492,W,84
260407_233345_200,84825.203,4159.9819,N,8739.4492,W,85
260407_233345_300,84825.297,4159.9819,N,8739.4492,W,85
260407_233345_400,84825.398,4159.9819,N,8739.4492,W,85
260407_233345_500,84825.500,4159.9819,N,8739.4492,W,85
260407_233345_600,84825.602,4159.9819,N,8739.4492,W,85
260407_233345_700,84825.703,4159.9819,N,8739.4492,W,85
260407_233345_800,84825.797,4159.9819,N,8739.4492,W,85
260407_233345_900,84825.898,4159.9819,N,8739.4492,W,85
260407_233346_000,84826.000,4159.9819,N,8739.4492,W,85
260407_233346_100,84826.102,4159.9819,N,8739.4492,W,85
260407_233346_200,84826.203,4159.9819,N,8739.4492,W,86
260407_233346_300,84826.297,4159.9819,N,8739.4492,W,85
260407_233346_400,84826.398,4159.9819,N,8739.4492,W,85
260407_233346_500,84826.500,4159.9819,N,8739.4492,W,85
260407_233346_600,84826.602,4159.9819,N,8739.4492,W,85
260407_233346_700,84826.703,4159.9819,N,8739.4492,W,85
260407_233346_800,84826.797,4159.9819,N,8739.4492,W,85
260407_233346_900,84826.898,4159.9819,N,8739.4492,W,85
260407_233347_000,84827.000,4159.9819,N,8739.4492,W,85
260407_233347_100,84827.102,4159.9819,N,8739.4492,W,86
260407_233347_200,84827.203,4159.9819,N,8739.4492,W,85
260407_233347_300,84827.297,4159.9819,N,8739.4492,W,85
260407_233347_400,84827.398,4159.9819,N,8739.4492,W,85
260407_233347_500,84827.500,4159.9819,N,8739.4492,W,85
260407_233347_600,84827.602,4159.9819,N,8739.4492,W,85
260407_233347_700,84827.703,4159.9819,N,8739.4492,W,85
260407_233347_800,84827.797,4159.9819,N,8739.4492,W,86
260407_233347_900,84827.898,4159.9819,N,8739.4492,W,85
260407_233348_000,84828.000,4159.9819,N,8739.4492,W,85
260407_233348_100,84828.102,4159.9819,N,8739.4492,W,85
260407_233348_200,84828.203,4159.9819,N,8739.4492,W,85
260407_233348_300,84828.297,4159.9819,N,8739.4492,W,85
260407_233348_400,84828.398,4159.9819,N,8739.4492,W,85
260407_233348_500,84828.500,4159.9819,N,8739.4492,W,85
260407_233348_600,84828.602,4159.9819,N,8739.4492,W,85
260407_233348_700,84828.703,4159.9819,N,8739.4492,W,85
260407_233348_800,84828.797,4159.9819,N,8739.4492,W,86
260407_233348_900,84828.898,4159.9819,N,8739.4492,W,85
260407_233349_000,84829.000,4159.9819,N,8739.4492,W,85
260407_233349_100,84829.102,4159.9819,N,8739.4492,W,86
260407_233349_200,84829.203,4159.9819,N,8739.4492,W,85
260407_233349_300,84829.297,4159.9819,N,8739.4492,W,85
260407_233349_400,84829.398,4159.9819,N,8739.4492,W,86
260407_233349_500,84829.500,4159.9819,N,8739.4492,W,85
260407_233349_600,84829.602,4159.9819,N,8739.4492,W,85
260407_233349_700,84829.703,4159.9819,N,8739.4492,W,85
260407_233349_800,84829.797,4159.9819,N,8739.4492,W,85
260407_233349_900,84829.898,4159.9819,N,8739.4492,W,85
260407_233350_000,84830.000,4159.9824,N,8739.4492,W,85
260407_233350_100,84830.102,4159.9824,N,8739.4492,W,85
260407_233350_200,84830.203,4159.9824,N,8739.4492,W,85
260407_233350_300,84830.297,4159.9824,N,8739.4492,W,86
260407_233350_400,84830.398,4159.9824,N,8739.4492,W,85
260407_233350_500,84830.500,4159.9824,N,8739.4492,W,85
260407_233350_600,84830.602,4159.9824,N,8739.4492,W,85
260407_233350_700,84830.703,4159.9824,N,8739.4492,W,85
260407_233350_800,84830.797,4159.9824,N,8739.4492,W,85
260407_233350_900,84830.898,4159.9824,N,8739.4492,W,85
260407_233351_000,84831.000,4159.9824,N,8739.4492,W,86
260407_233351_100,84831.102,4159.9824,N,8739.4492,W,85
260407_233351_200,84831.203,4159.9824,N,8739.4492,W,86
260407_233351_300,84831.297,4159.9824,N,8739.4492,W,85
260407_233351_400,84831.398,4159.9824,N,8739.4492,W,85
260407_233351_500,84831.500,4159.9824,N,8739.4492,W,86
260407_233351_600,84831.602,4159.9824,N,8739.4492,W,85
260407_233351_700,84831.703,4159.9824,N,8739.4492,W,85
260407_233351_800,84831.797,4159.9824,N,8739.4492,W,86
260407_233351_900,84831.898,4159.9824,N,8739.4492,W,85
260407_233352_000,84832.000,4159.9824,N,8739.4492,W,85
260407_233352_100,84832.102,4159.9824,N,8739.4492,W,86
260407_233352_200,84832.203,4159.9824,N,8739.4492,W,86
260407_233352_300,84832.297,4159.9824,N,8739.4492,W,86
260407_233352_400,84832.398,4159.9824,N,8739.4492,W,85
260407_233352_500,84832.500,4159.9824,N,8739.4492,W,85
260407_233352_600,84832.602,4159.9824,N,8739.4492,W,85
260407_233352_700,84832.703,4159.9824,N,8739.4492,W,86
260407_233352_800,84832.797,4159.9824,N,8739.4492,W,85
260407_233352_900,84832.898,4159.9824,N,8739.4492,W,85
260407_233353_000,84833.000,4159.9824,N,8739.4492,W,85
260407_233353_100,84833.102,4159.9824,N,8739.4492,W,85
260407_233353_200,84833.203,4159.9824,N,8739.4492,W,86
260407_233353_300,84833.297,4159.9824,N,8739.4492,W,85
260407_233353_400,84833.398,4159.9824,N,8739.4492,W,85
260407_233353_500,84833.500,4159.9824,N,8739.4492,W,86
260407_233353_600,84833.602,4159.9824,N,8739.4492,W,85
260407_233353_700,84833.703,4159.9824,N,8739.4492,W,86
260407_233353_800,84833.797,4159.9824,N,8739.4492,W,85
260407_233353_900,84833.898,4159.9824,N,8739.4492,W,85
260407_233354_000,84834.000,4159.9824,N,8739.4492,W,85
260407_233354_100,84834.102,4159.9824,N,8739.4492,W,85
260407_233354_200,84834.203,4159.9824,N,8739.4492,W,85
260407_233354_300,84834.297,4159.9824,N,8739.4492,W,85
260407_233354_400,84834.398,4159.9824,N,8739.4492,W,85
260407_233354_500,84834.500,4159.9824,N,8739.4492,W,85
260407_233354_600,84834.602,4159.9824,N,8739.4492,W,85
260407_233354_700,84834.703,4159.9824,N,8739.4492,W,85
260407_233354_800,84834.797,4159.9824,N,8739.4492,W,86
260407_233354_900,84834.898,4159.9824,N,8739.4492,W,85
260407_233355_000,84835.000,4159.9824,N,8739.4492,W,85
260407_233355_100,84835.102,4159.9824,N,8739.4492,W,85
260407_233355_200,84835.203,4159.9824,N,8739.4492,W,85
260407_233355_300,84835.297,4159.9824,N,8739.4492,W,85
260407_233355_400,84835.398,4159.9824,N,8739.4492,W,85
260407_233355_500,84835.500,4159.9824,N,8739.4492,W,85
260407_233355_600,84835.602,4159.9824,N,8739.4492,W,85
260407_233355_700,84835.703,4159.9824,N,8739.4492,W,85
260407_233355_800,84835.797,4159.9824,N,8739.4492,W,85
260407_233355_900,84835.898,4159.9824,N,8739.4492,W,84
260407_233356_000,84836.000,4159.9824,N,8739.4482,W,85
260407_233356_100,84836.102,4159.9824,N,8739.4482,W,85
260407_233356_200,84836.203,4159.9824,N,8739.4482,W,85
260407_233356_300,84836.297,4159.9824,N,8739.4482,W,85
260407_233356_400,84836.398,4159.9824,N,8739.4482,W,85
260407_233356_500,84836.500,4159.9824,N,8739.4482,W,85
260407_233356_600,84836.602,4159.9824,N,8739.4482,W,85
260407_233356_700,84836.703,4159.9824,N,8739.4482,W,84
260407_233356_800,84836.797,4159.9824,N,8739.4482,W,85
260407_233356_900,84836.898,4159.9824,N,8739.4482,W,84
260407_233357_000,84837.000,4159.9824,N,8739.4482,W,85
260407_233357_100,84837.102,4159.9824,N,8739.4482,W,85
260407_233357_200,84837.203,4159.9824,N,8739.4482,W,85
260407_233357_300,84837.297,4159.9824,N,8739.4482,W,84
260407_233357_400,84837.398,4159.9824,N,8739.4482,W,84
260407_233357_500,84837.500,4159.9824,N,8739.4482,W,84
260407_233357_600,84837.602,4159.9824,N,8739.4482,W,85
260407_233357_700,84837.703,4159.9824,N,8739.4482,W,84
260407_233357_800,84837.797,4159.9824,N,8739.4482,W,85
260407_233357_900,84837.898,4159.9824,N,8739.4482,W,84
260407_233358_000,84838.000,4159.9824,N,8739.4482,W,84
260407_233358_100,84838.102,4159.9824,N,8739.4482,W,85
260407_233358_200,84838.203,4159.9824,N,8739.4482,W,84
260407_233358_300,84838.297,4159.9824,N,8739.4482,W,85
260407_233358_400,84838.398,4159.9824,N,8739.4482,W,84
260407_233358_500,84838.500,4159.9824,N,8739.4482,W,84
260407_233358_600,84838.602,4159.9824,N,8739.4482,W,84
260407_233358_700,84838.703,4159.9824,N,8739.4482,W,84
260407_233358_800,84838.797,4159.9824,N,8739.4482,W,84
260407_233358_900,84838.898,4159.9824,N,8739.4482,W,85
260407_233359_000,84839.000,4159.9824,N,8739.4482,W,84
260407_233359_100,84839.102,4159.9824,N,8739.4482,W,84
260407_233359_200,84839.203,4159.9824,N,8739.4482,W,84
260407_233359_300,84839.297,4159.9824,N,8739.4482,W,84
260407_233359_400,84839.398,4159.9824,N,8739.4482,W,84
260407_233359_500,84839.500,4159.9824,N,8739.4482,W,84
260407_233359_600,84839.602,4159.9824,N,8739.4482,W,84
260407_233359_700,84839.703,4159.9824,N,8739.4482,W,84
260407_233359_800,84839.797,4159.9824,N,8739.4482,W,84
260407_233359_900,84839.898,4159.9824,N,8739.4482,W,84
260407_233400_000,84840.000,4159.9824,N,8739.4482,W,84
260407_233400_100,84840.102,4159.9824,N,8739.4482,W,84
260407_233400_200,84840.203,4159.9824,N,8739.4482,W,84
260407_233400_300,84840.297,4159.9824,N,8739.4482,W,84
260407_233400_400,84840.398,4159.9824,N,8739.4482,W,84
260407_233400_500,84840.500,4159.9824,N,8739.4482,W,84
260407_233400_600,84840.602,4159.9824,N,8739.4482,W,84
260407_233400_700,84840.703,4159.9824,N,8739.4482,W,83
260407_233400_800,84840.797,4159.9824,N,8739.4482,W,84
260407_233400_900,84840.898,4159.9824,N,8739.4482,W,84
260407_233401_000,84841.000,4159.9829,N,8739.4482,W,84
260407_233401_100,84841.102,4159.9829,N,8739.4482,W,83
260407_233401_200,84841.203,4159.9829,N,8739.4482,W,84
260407_233401_300,84841.297,4159.9829,N,8739.4482,W,84
260407_233401_400,84841.398,4159.9829,N,8739.4482,W,83
260407_233401_500,84841.500,4159.9829,N,8739.4482,W,83
260407_233401_600,84841.602,4159.9829,N,8739.4482,W,83
260407_233401_700,84841.703,4159.9829,N,8739.4482,W,84
260407_233401_800,84841.797,4159.9829,N,8739.4482,W,84
260407_233401_900,84841.898,4159.9829,N,8739.4482,W,83
260407_233402_000,84842.000,4159.9829,N,8739.4492,W,83
260407_233402_100,84842.102,4159.9829,N,8739.4492,W,84
260407_233402_200,84842.203,4159.9829,N,8739.4492,W,83
260407_233402_300,84842.297,4159.9829,N,8739.4492,W,83
260407_233402_400,84842.398,4159.9829,N,8739.4492,W,83
260407_233402_500,84842.500,4159.9829,N,8739.4492,W,83
260407_233402_600,84842.602,4159.9829,N,8739.4492,W,83
260407_233402_700,84842.703,4159.9829,N,8739.4492,W,83
260407_233402_800,84842.797,4159.9829,N,8739.4492,W,83
260407_233402_900,84842.898,4159.9829,N,8739.4492,W,83
260407_233403_000,84843.000,4159.9834,N,8739.4482,W,83
260407_233403_100,84843.102,4159.9834,N,8739.4482,W,83
260407_233403_200,84843.203,4159.9834,N,8739.4482,W,84
260407_233403_300,84843.297,4159.9834,N,8739.4482,W,83
260407_233403_400,84843.398,4159.9834,N,8739.4482,W,83
260407_233403_500,84843.500,4159.9834,N,8739.4482,W,83
260407_233403_600,84843.602,4159.9834,N,8739.4482,W,83
260407_233403_700,84843.703,4159.9834,N,8739.4482,W,83
260407_233403_800,84843.797,4159.9834,N,8739.4482,W,83
260407_233403_900,84843.898,4159.9834,N,8739.4482,W,83
260407_233404_000,84844.000,4159.9834,N,8739.4482,W,83
260407_233404_100,84844.102,4159.9834,N,8739.4482,W,83
260407_233404_200,84844.203,4159.9834,N,8739.4482,W,83
260407_233404_300,84844.297,4159.9834,N,8739.4482,W,83
260407_233404_400,84844.398,4159.9834,N,8739.4482,W,83
260407_233404_500,84844.500,4159.9834,N,8739.4482,W,83
260407_233404_600,84844.602,4159.9834,N,8739.4482,W,83
260407_233404_700,84844.703,4159.9834,N,8739.4482,W,83
260407_233404_800,84844.797,4159.9834,N,8739.4482,W,83
260407_233404_900,84844.898,4159.9834,N,8739.4482,W,83
260407_233405_000,84845.000,4159.9834,N,8739.4482,W,84
260407_233405_100,84845.102,4159.9834,N,8739.4482,W,83
260407_233405_200,84845.203,4159.9834,N,8739.4482,W,83
260407_233405_300,84845.297,4159.9834,N,8739.4482,W,83
260407_233405_400,84845.398,4159.9834,N,8739.4482,W,83
260407_233405_500,84845.500,4159.9834,N,8739.4482,W,83
260407_233405_600,84845.602,4159.9834,N,8739.4482,W,83
260407_233405_700,84845.703,4159.9834,N,8739.4482,W,83
260407_233405_800,84845.797,4159.9834,N,8739.4482,W,83
260407_233405_900,84845.898,4159.9834,N,8739.4482,W,83
260407_233406_000,84846.000,4159.9834,N,8739.4482,W,83
260407_233406_100,84846.102,4159.9834,N,8739.4482,W,84
260407_233406_200,84846.203,4159.9834,N,8739.4482,W,83
260407_233406_300,84846.297,4159.9834,N,8739.4482,W,84
260407_233406_400,84846.398,4159.9834,N,8739.4482,W,84
260407_233406_500,84846.500,4159.9834,N,8739.4482,W,83
260407_233406_600,84846.602,4159.9834,N,8739.4482,W,83
260407_233406_700,84846.703,4159.9834,N,8739.4482,W,84
260407_233406_800,84846.797,4159.9834,N,8739.4482,W,84
260407_233406_900,84846.898,4159.9834,N,8739.4482,W,83
260407_233407_000,84847.000,4159.9834,N,8739.4482,W,84
260407_233407_100,84847.102,4159.9834,N,8739.4482,W,84
260407_233407_200,84847.203,4159.9834,N,8739.4482,W,84
260407_233407_300,84847.297,4159.9834,N,8739.4482,W,84
260407_233407_400,84847.398,4159.9834,N,8739.4482,W,84
260407_233407_500,84847.500,4159.9834,N,8739.4482,W,84
260407_233407_600,84847.602,4159.9834,N,8739.4482,W,84
260407_233407_700,84847.703,4159.9834,N,8739.4482,W,84
260407_233407_800,84847.797,4159.9834,N,8739.4482,W,84
260407_233407_900,84847.898,4159.9834,N,8739.4482,W,84
260407_233408_000,84848.000,4159.9839,N,8739.4482,W,84
260407_233408_100,84848.102,4159.9839,N,8739.4482,W,84
260407_233408_200,84848.203,4159.9839,N,8739.4482,W,84
260407_233408_300,84848.297,4159.9839,N,8739.4482,W,85
260407_233408_400,84848.398,4159.9839,N,8739.4482,W,85
260407_233408_500,84848.500,4159.9839,N,8739.4482,W,84
260407_233408_600,84848.602,4159.9839,N,8739.4482,W,84
260407_233408_700,84848.703,4159.9839,N,8739.4482,W,84
260407_233408_800,84848.797,4159.9839,N,8739.4482,W,85
260407_233408_900,84848.898,4159.9839,N,8739.4482,W,85
260407_233409_000,84849.000,4159.9839,N,8739.4482,W,85
260407_233409_100,84849.102,4159.9839,N,8739.4482,W,85
260407_233409_200,84849.203,4159.9839,N,8739.4482,W,85
260407_233409_300,84849.297,4159.9839,N,8739.4482,W,85
260407_233409_400,84849.398,4159.9839,N,8739.4482,W,85
260407_233409_500,84849.500,4159.9839,N,8739.4482,W,85
260407_233409_600,84849.602,4159.9839,N,8739.4482,W,85
260407_233409_700,84849.703,4159.9839,N,8739.4482,W,85
260407_233409_800,84849.797,4159.9839,N,8739.4482,W,85
260407_233409_900,84849.898,4159.9839,N,8739.4482,W,86
260407_233410_000,84850.000,4159.9839,N,8739.4482,W,86
260407_233410_100,84850.102,4159.9839,N,8739.4482,W,86
260407_233410_200,84850.203,4159.9839,N,8739.4482,W,86
260407_233410_300,84850.297,4159.9839,N,8739.4482,W,85
260407_233410_400,84850.398,4159.9839,N,8739.4482,W,86
260407_233410_500,84850.500,4159.9839,N,8739.4482,W,86
260407_233410_600,84850.602,4159.9839,N,8739.4482,W,86
260407_233410_700,84850.703,4159.9839,N,8739.4482,W,86
260407_233410_800,84850.797,4159.9839,N,8739.4482,W,86
260407_233410_900,84850.898,4159.9839,N,8739.4482,W,86
260407_233411_000,84851.000,4159.9844,N,8739.4482,W,86
260407_233411_100,84851.102,4159.9844,N,8739.4482,W,87
260407_233411_200,84851.203,4159.9844,N,8739.4482,W,86
260407_233411_300,84851.297,4159.9844,N,8739.4482,W,87
260407_233411_400,84851.398,4159.9844,N,8739.4482,W,87
260407_233411_500,84851.500,4159.9844,N,8739.4482,W,87
260407_233411_600,84851.602,4159.9844,N,8739.4482,W,87
260407_233411_700,84851.703,4159.9844,N,8739.4482,W,87
260407_233411_800,84851.797,4159.9844,N,8739.4482,W,87
260407_233411_900,84851.898,4159.9844,N,8739.4482,W,88
260407_233412_000,84852.000,4159.9844,N,8739.4482,W,87
260407_233412_100,84852.102,4159.9844,N,8739.4482,W,87
260407_233412_200,84852.203,4159.9844,N,8739.4482,W,88
260407_233412_300,84852.297,4159.9844,N,8739.4482,W,87
260407_233412_400,84852.398,4159.9844,N,8739.4482,W,88
260407_233412_500,84852.500,4159.9844,N,8739.4482,W,88
260407_233412_600,84852.602,4159.9844,N,8739.4482,W,88
260407_233412_700,84852.703,4159.9844,N,8739.4482,W,88
260407_233412_800,84852.797,4159.9844,N,8739.4482,W,88
260407_233412_900,84852.898,4159.9844,N,8739.4482,W,88
260407_233413_000,84853.000,4159.9844,N,8739.4482,W,89
260407_233413_100,84853.102,4159.9844,N,8739.4482,W,88
260407_233413_200,84853.203,4159.9844,N,8739.4482,W,89
260407_233413_300,84853.297,4159.9844,N,8739.4482,W,88
260407_233413_400,84853.398,4159.9844,N,8739.4482,W,89
260407_233413_500,84853.500,4159.9844,N,8739.4482,W,89
260407_233413_600,84853.602,4159.9844,N,8739.4482,W,89
260407_233413_700,84853.703,4159.9844,N,8739.4482,W,89
260407_233413_800,84853.797,4159.9844,N,8739.4482,W,89
260407_233413_900,84853.898,4159.9844,N,8739.4482,W,89
260407_233414_000,84854.000,4159.9844,N,8739.4482,W,89
260407_233414_100,84854.102,4159.9844,N,8739.4482,W,90
260407_233414_200,84854.203,4159.9844,N,8739.4482,W,89
260407_233414_300,84854.297,4159.9844,N,8739.4482,W,89
260407_233414_400,84854.398,4159.9844,N,8739.4482,W,89
260407_233414_500,84854.500,4159.9844,N,8739.4482,W,90
260407_233414_600,84854.602,4159.9844,N,8739.4482,W,90
260407_233414_700,84854.703,4159.9844,N,8739.4482,W,90
260407_233414_800,84854.797,4159.9844,N,8739.4482,W,90
260407_233414_900,84854.898,4159.9844,N,8739.4482,W,90
260407_233415_000,84855.000,4159.9844,N,8739.4482,W,90
260407_233415_100,84855.102,4159.9844,N,8739.4482,W,90
260407_233415_200,84855.203,4159.9844,N,8739.4482,W,91
260407_233415_300,84855.297,4159.9844,N,8739.4482,W,90
260407_233415_400,84855.398,4159.9844,N,8739.4482,W,91
260407_233415_500,84855.500,4159.9844,N,8739.4482,W,91
260407_233415_600,84855.602,4159.9844,N,8739.4482,W,91
260407_233415_700,84855.703,4159.9844,N,8739.4482,W,91
260407_233415_800,84855.797,4159.9844,N,8739.4482,W,91
260407_233415_900,84855.898,4159.9844,N,8739.4482,W,91
260407_233416_000,84856.000,4159.9844,N,8739.4482,W,91
260407_233416_100,84856.102,4159.9844,N,8739.4482,W,91
260407_233416_200,84856.203,4159.9844,N,8739.4482,W,92
260407_233416_300,84856.297,4159.9844,N,8739.4482,W,92
260407_233416_400,84856.398,4159.9844,N,8739.4482,W,92
260407_233416_500,84856.500,4159.9844,N,8739.4482,W,91
260407_233416_600,84856.602,4159.9844,N,8739.4482,W,92
260407_233416_700,84856.703,4159.9844,N,8739.4482,W,91
260407_233416_800,84856.797,4159.9844,N,8739.4482,W,93
260407_233416_900,84856.898,4159.9844,N,8739.4482,W,93
260407_233417_000,84857.000,4159.9849,N,8739.4482,W,93
260407_233417_100,84857.102,4159.9849,N,8739.4482,W,93
260407_233417_200,84857.203,4159.9849,N,8739.4482,W,93
260407_233417_300,84857.297,4159.9849,N,8739.4482,W,93
260407_233417_400,84857.398,4159.9849,N,8739.4482,W,95
260407_233417_500,84857.500,4159.9849,N,8739.4482,W,95
260407_233417_600,84857.602,4159.9849,N,8739.4482,W,95
260407_233417_700,84857.703,4159.9849,N,8739.4482,W,93
260407_233417_800,84857.797,4159.9849,N,8739.4482,W,96
260407_233417_900,84857.898,4159.9849,N,8739.4482,W,92
260407_233418_000,84858.000,4159.9849,N,8739.4482,W,99
260407_233418_100,84858.102,4159.9849,N,8739.4482,W,99
260407_233418_200,84858.203,4159.9849,N,8739.4482,W,97
260407_233418_300,84858.297,4159.9849,N,8739.4482,W,97
260407_233418_400,84858.398,4159.9849,N,8739.4482,W,97
260407_233418_500,84858.500,4159.9849,N,8739.4482,W,89
260407_233418_600,84858.602,4159.9849,N,8739.4482,W,68
260407_233418_700,84858.703,4159.9849,N,8739.4482,W,88
260407_233418_800,84858.797,4159.9849,N,8739.4482,W,103
260407_233418_900,84858.898,4159.9849,N,8739.4482,W,104
260407_233419_000,84859.000,4159.9849,N,8739.4482,W,107
260407_233419_100,84859.102,4159.9849,N,8739.4482,W,96
260407_233419_200,84859.203,4159.9849,N,8739.4482,W,103
260407_233419_300,84859.297,4159.9849,N,8739.4482,W,100
260407_233419_400,84859.398,4159.9849,N,8739.4482,W,97
260407_233419_500,84859.500,4159.9849,N,8739.4482,W,98
260407_233419_600,84859.602,4159.9849,N,8739.4482,W,95
260407_233419_700,84859.703,4159.9849,N,8739.4482,W,93
260407_233419_800,84859.797,4159.9849,N,8739.4482,W,91
260407_233419_900,84859.898,4159.9849,N,8739.4482,W,95
260407_233420_000,84860.000,4159.9849,N,8739.4482,W,97
260407_233420_100,84860.102,4159.9849,N,8739.4482,W,100
260407_233420_200,84860.203,4159.9849,N,8739.4482,W,90
260407_233420_300,84860.297,4159.9849,N,8739.4482,W,66
260407_233420_400,84860.398,4159.9849,N,8739.4482,W,60
260407_233420_500,84860.500,4159.9849,N,8739.4482,W,62
260407_233420_600,84860.602,4159.9849,N,8739.4482,W,65
260407_233420_700,84860.703,4159.9849,N,8739.4482,W,83
260407_233420_800,84860.797,4159.9849,N,8739.4482,W,104
260407_233420_900,84860.898,4159.9849,N,8739.4482,W,109
260407_233421_000,84861.000,4159.9849,N,8739.4482,W,111
260407_233421_100,84861.102,4159.9849,N,8739.4482,W,96
260407_233421_200,84861.203,4159.9849,N,8739.4482,W,111
260407_233421_300,84861.297,4159.9849,N,8739.4482,W,109
260407_233421_400,84861.398,4159.9849,N,8739.4482,W,106
260407_233421_500,84861.500,4159.9849,N,8739.4482,W,100
260407_233421_600,84861.602,4159.9849,N,8739.4482,W,95
260407_233421_700,84861.703,4159.9849,N,8739.4482,W,94
260407_233421_800,84861.797,4159.9849,N,8739.4482,W,91
260407_233421_900,84861.898,4159.9849,N,8739.4482,W,88
260407_233422_000,84862.000,4159.9849,N,8739.4482,W,88
260407_233422_100,84862.102,4159.9849,N,8739.4482,W,89
260407_233422_200,84862.203,4159.9849,N,8739.4482,W,94
260407_233422_300,84862.297,4159.9849,N,8739.4482,W,99
260407_233422_400,84862.398,4159.9849,N,8739.4482,W,109
260407_233422_500,84862.500,4159.9849,N,8739.4482,W,113
260407_233422_600,84862.602,4159.9849,N,8739.4482,W,113
260407_233422_700,84862.703,4159.9849,N,8739.4482,W,110
260407_233422_800,84862.797,4159.9849,N,8739.4482,W,99
260407_233422_900,84862.898,4159.9849,N,8739.4482,W,95
260407_233423_000,84863.000,4159.9849,N,8739.4482,W,88
260407_233423_100,84863.102,4159.9849,N,8739.4482,W,95
260407_233423_200,84863.203,4159.9849,N,8739.4482,W,98
260407_233423_300,84863.297,4159.9849,N,8739.4482,W,98
260407_233423_400,84863.398,4159.9849,N,8739.4482,W,97
260407_233423_500,84863.500,4159.9849,N,8739.4482,W,105
260407_233423_600,84863.602,4159.9849,N,8739.4482,W,108
260407_233423_700,84863.703,4159.9849,N,8739.4482,W,108
260407_233423_800,84863.797,4159.9849,N,8739.4482,W,113
260407_233423_900,84863.898,4159.9849,N,8739.4482,W,113
260407_233424_000,84864.000,4159.9849,N,8739.4482,W,106
260407_233424_100,84864.102,4159.9849,N,8739.4482,W,93
260407_233424_200,84864.203,4159.9849,N,8739.4482,W,76
260407_233424_300,84864.297,4159.9849,N,8739.4482,W,68
260407_233424_400,84864.398,4159.9849,N,8739.4482,W,62
260407_233424_500,84864.500,4159.9849,N,8739.4482,W,64
260407_233424_600,84864.602,4159.9849,N,8739.4482,W,69
260407_233424_700,84864.703,4159.9849,N,8739.4482,W,85
260407_233424_800,84864.797,4159.9849,N,8739.4482,W,80
260407_233424_900,84864.898,4159.9849,N,8739.4482,W,82
260407_233425_000,84865.000,4159.9849,N,8739.4482,W,93
260407_233425_100,84865.102,4159.9849,N,8739.4482,W,97
260407_233425_200,84865.203,4159.9849,N,8739.4482,W,86
260407_233425_300,84865.297,4159.9849,N,8739.4482,W,81
260407_233425_400,84865.398,4159.9849,N,8739.4482,W,90
260407_233425_500,84865.500,4159.9849,N,8739.4482,W,84
260407_233425_600,84865.602,4159.9849,N,8739.4482,W,55
260407_233425_700,84865.703,4159.9849,N,8739.4482,W,36
260407_233425_800,84865.797,4159.9849,N,8739.4482,W,22
260407_233425_900,84865.898,4159.9849,N,8739.4482,W,19
260407_233426_000,84866.000,4159.9849,N,8739.4482,W,17
260407_233426_100,84866.102,4159.9849,N,8739.4482,W,18
260407_233426_200,84866.203,4159.9849,N,8739.4482,W,27
260407_233426_300,84866.297,4159.9849,N,8739.4482,W,41
260407_233426_400,84866.398,4159.9849,N,8739.4482,W,59
260407_233426_500,84866.500,4159.9849,N,8739.4482,W,76
260407_233426_600,84866.602,4159.9849,N,8739.4482,W,90
260407_233426_700,84866.703,4159.9849,N,8739.4482,W,100
260407_233426_800,84866.797,4159.9849,N,8739.4482,W,103
260407_233426_900,84866.898,4159.9849,N,8739.4482,W,104
260407_233427_000,84867.000,4159.9849,N,8739.4482,W,103
260407_233427_100,84867.102,4159.9849,N,8739.4482,W,104
260407_233427_200,84867.203,4159.9849,N,8739.4482,W,104
260407_233427_300,84867.297,4159.9849,N,8739.4482,W,126
260407_233427_400,84867.398,4159.9849,N,8739.4482,W,124
260407_233427_500,84867.500,4159.9849,N,8739.4482,W,106
260407_233427_600,84867.602,4159.9849,N,8739.4482,W,88
260407_233427_700,84867.703,4159.9849,N,8739.4482,W,0
260407_233427_800,84867.797,4159.9849,N,8739.4482,W,13
